Time,function/execution_times.cloud_function.ALIGN_PERCENTILE_99.REDUCE_MEAN.metric.type="cloudfunctions.googleapis.com/function/execution_times" 
            AND resource.type="cloud_function" 
            AND resource.labels.function_name="function-test" 
            AND resource.labels.region="us-central1".project_id:stately-vector-311213
Tue Apr 27 2021 18:00:00 GMT-0500 (Central Daylight Time),89934051.70400992
Tue Apr 27 2021 18:01:00 GMT-0500 (Central Daylight Time),87722911.00237066
Tue Apr 27 2021 18:02:00 GMT-0500 (Central Daylight Time),98699440.1888887
Tue Apr 27 2021 18:03:00 GMT-0500 (Central Daylight Time),93227831.16832417
Tue Apr 27 2021 18:04:00 GMT-0500 (Central Daylight Time),95042650.31837025
Tue Apr 27 2021 18:05:00 GMT-0500 (Central Daylight Time),98296434.51120123
Tue Apr 27 2021 18:06:00 GMT-0500 (Central Daylight Time),84376218.31168163
Tue Apr 27 2021 18:07:00 GMT-0500 (Central Daylight Time),81626801.00718662
Tue Apr 27 2021 18:08:00 GMT-0500 (Central Daylight Time),773246072.6294357
Tue Apr 27 2021 18:09:00 GMT-0500 (Central Daylight Time),104813291.1566917
Tue Apr 27 2021 18:10:00 GMT-0500 (Central Daylight Time),94906166.44552147
Tue Apr 27 2021 18:11:00 GMT-0500 (Central Daylight Time),102749685.15514976
Tue Apr 27 2021 18:12:00 GMT-0500 (Central Daylight Time),103620902.61275691
Tue Apr 27 2021 18:13:00 GMT-0500 (Central Daylight Time),83200012.61698431
Tue Apr 27 2021 18:14:00 GMT-0500 (Central Daylight Time),90405757.88120437
Tue Apr 27 2021 18:15:00 GMT-0500 (Central Daylight Time),753345005.7618386
Tue Apr 27 2021 18:16:00 GMT-0500 (Central Daylight Time),726934877.6794823
Tue Apr 27 2021 18:17:00 GMT-0500 (Central Daylight Time),734985338.6094575
Tue Apr 27 2021 18:18:00 GMT-0500 (Central Daylight Time),78104419.70484278
Tue Apr 27 2021 18:19:00 GMT-0500 (Central Daylight Time),100529096.63528678
Tue Apr 27 2021 18:21:00 GMT-0500 (Central Daylight Time),57971962.77367151
Tue Apr 27 2021 18:22:00 GMT-0500 (Central Daylight Time),899862680.6923264
Tue Apr 27 2021 18:23:00 GMT-0500 (Central Daylight Time),95581799.39156005
Tue Apr 27 2021 18:24:00 GMT-0500 (Central Daylight Time),82775342.96538119
Tue Apr 27 2021 18:25:00 GMT-0500 (Central Daylight Time),84135376.04557166
Tue Apr 27 2021 18:26:00 GMT-0500 (Central Daylight Time),61192028.954784125
Tue Apr 27 2021 18:27:00 GMT-0500 (Central Daylight Time),63008953.66082463
Tue Apr 27 2021 18:28:00 GMT-0500 (Central Daylight Time),105891918.88680059
Tue Apr 27 2021 18:29:00 GMT-0500 (Central Daylight Time),803308785.3981129
Tue Apr 27 2021 18:30:00 GMT-0500 (Central Daylight Time),99744719.4939895
Tue Apr 27 2021 18:31:00 GMT-0500 (Central Daylight Time),808411584.2751609
Tue Apr 27 2021 18:32:00 GMT-0500 (Central Daylight Time),107393109.10467747
Tue Apr 27 2021 18:33:00 GMT-0500 (Central Daylight Time),45164297.82032449
Tue Apr 27 2021 18:34:00 GMT-0500 (Central Daylight Time),61423000.98180926
Tue Apr 27 2021 18:35:00 GMT-0500 (Central Daylight Time),76219987.1434762
Tue Apr 27 2021 18:36:00 GMT-0500 (Central Daylight Time),50058103.69677546
Tue Apr 27 2021 18:37:00 GMT-0500 (Central Daylight Time),126995152.28779605
Tue Apr 27 2021 18:38:00 GMT-0500 (Central Daylight Time),659591946.8134915
Tue Apr 27 2021 18:39:00 GMT-0500 (Central Daylight Time),97519621.62334009
Tue Apr 27 2021 18:40:00 GMT-0500 (Central Daylight Time),97073855.73200035
Tue Apr 27 2021 18:41:00 GMT-0500 (Central Daylight Time),74269776.71603766
Tue Apr 27 2021 18:43:00 GMT-0500 (Central Daylight Time),276568250.5646386
Tue Apr 27 2021 18:44:00 GMT-0500 (Central Daylight Time),813049815.4224961
Tue Apr 27 2021 18:45:00 GMT-0500 (Central Daylight Time),96264397.78379199
Tue Apr 27 2021 18:46:00 GMT-0500 (Central Daylight Time),82226664.97638665
Tue Apr 27 2021 18:47:00 GMT-0500 (Central Daylight Time),86760694.01883185
Tue Apr 27 2021 18:48:00 GMT-0500 (Central Daylight Time),95267713.09859069
Tue Apr 27 2021 18:49:00 GMT-0500 (Central Daylight Time),76952341.34204277
Tue Apr 27 2021 18:50:00 GMT-0500 (Central Daylight Time),72510004.17424256
Tue Apr 27 2021 18:51:00 GMT-0500 (Central Daylight Time),797378106.2717823
Tue Apr 27 2021 18:52:00 GMT-0500 (Central Daylight Time),108055977.55274546
Tue Apr 27 2021 18:53:00 GMT-0500 (Central Daylight Time),70754856.0996717
Tue Apr 27 2021 18:54:00 GMT-0500 (Central Daylight Time),95658919.39004302
Tue Apr 27 2021 18:55:00 GMT-0500 (Central Daylight Time),86976591.3776319
Tue Apr 27 2021 18:56:00 GMT-0500 (Central Daylight Time),73513954.48740296
Tue Apr 27 2021 18:57:00 GMT-0500 (Central Daylight Time),89418441.7089431
Tue Apr 27 2021 18:58:00 GMT-0500 (Central Daylight Time),96820026.09110439
Tue Apr 27 2021 18:59:00 GMT-0500 (Central Daylight Time),748362234.2201234
Tue Apr 27 2021 19:00:00 GMT-0500 (Central Daylight Time),102517950.78348197
Tue Apr 27 2021 19:01:00 GMT-0500 (Central Daylight Time),96414861.5666464
Tue Apr 27 2021 19:02:00 GMT-0500 (Central Daylight Time),101387932.5221295
Tue Apr 27 2021 19:03:00 GMT-0500 (Central Daylight Time),87915559.88722995
Tue Apr 27 2021 19:04:00 GMT-0500 (Central Daylight Time),73354490.582467
Tue Apr 27 2021 19:05:00 GMT-0500 (Central Daylight Time),89644832.18371573
Tue Apr 27 2021 19:06:00 GMT-0500 (Central Daylight Time),94839059.66856386
Tue Apr 27 2021 19:07:00 GMT-0500 (Central Daylight Time),61395773.15758047
Tue Apr 27 2021 19:08:00 GMT-0500 (Central Daylight Time),101267821.86563933
Tue Apr 27 2021 19:09:00 GMT-0500 (Central Daylight Time),86729363.9276097
Tue Apr 27 2021 19:10:00 GMT-0500 (Central Daylight Time),107997808.61439633
Tue Apr 27 2021 19:11:00 GMT-0500 (Central Daylight Time),102487296.41732755
Tue Apr 27 2021 19:12:00 GMT-0500 (Central Daylight Time),100964537.06798278
Tue Apr 27 2021 19:13:00 GMT-0500 (Central Daylight Time),102613484.58718139
Tue Apr 27 2021 19:14:00 GMT-0500 (Central Daylight Time),807599631.5842587
Tue Apr 27 2021 19:15:00 GMT-0500 (Central Daylight Time),85219592.00494798
Tue Apr 27 2021 19:16:00 GMT-0500 (Central Daylight Time),108708930.59546301
Tue Apr 27 2021 19:17:00 GMT-0500 (Central Daylight Time),93302812.28976303
Tue Apr 27 2021 19:18:00 GMT-0500 (Central Daylight Time),726909902.0782168
Tue Apr 27 2021 19:19:00 GMT-0500 (Central Daylight Time),94119247.98414029
Tue Apr 27 2021 19:20:00 GMT-0500 (Central Daylight Time),107117454.47104232
Tue Apr 27 2021 19:21:00 GMT-0500 (Central Daylight Time),87466332.60411207
Tue Apr 27 2021 19:22:00 GMT-0500 (Central Daylight Time),93614362.23215346
Tue Apr 27 2021 19:23:00 GMT-0500 (Central Daylight Time),64838126.85996395
Tue Apr 27 2021 19:24:00 GMT-0500 (Central Daylight Time),108513195.82978272
Tue Apr 27 2021 19:25:00 GMT-0500 (Central Daylight Time),108046742.22474074
Tue Apr 27 2021 19:26:00 GMT-0500 (Central Daylight Time),728410686.6327691
Tue Apr 27 2021 19:27:00 GMT-0500 (Central Daylight Time),96994519.37174347
Tue Apr 27 2021 19:28:00 GMT-0500 (Central Daylight Time),79442928.62168859
Tue Apr 27 2021 19:29:00 GMT-0500 (Central Daylight Time),54329228.19792874
Tue Apr 27 2021 19:30:00 GMT-0500 (Central Daylight Time),98515766.9748851
Tue Apr 27 2021 19:31:00 GMT-0500 (Central Daylight Time),102522881.82707903
Tue Apr 27 2021 19:32:00 GMT-0500 (Central Daylight Time),99500830.41486612
Tue Apr 27 2021 19:33:00 GMT-0500 (Central Daylight Time),102969415.34581934
Tue Apr 27 2021 19:34:00 GMT-0500 (Central Daylight Time),72351092.6455332
Tue Apr 27 2021 19:35:00 GMT-0500 (Central Daylight Time),86765011.21322998
Tue Apr 27 2021 19:36:00 GMT-0500 (Central Daylight Time),104667419.24630475
Tue Apr 27 2021 19:37:00 GMT-0500 (Central Daylight Time),95996840.82951425
Tue Apr 27 2021 19:38:00 GMT-0500 (Central Daylight Time),87552616.3469904
Tue Apr 27 2021 19:39:00 GMT-0500 (Central Daylight Time),86339891.90950608
Tue Apr 27 2021 19:40:00 GMT-0500 (Central Daylight Time),101247102.64713946
Tue Apr 27 2021 19:41:00 GMT-0500 (Central Daylight Time),95088786.72892417
Tue Apr 27 2021 19:42:00 GMT-0500 (Central Daylight Time),97146626.99440861
Tue Apr 27 2021 19:43:00 GMT-0500 (Central Daylight Time),898865335.4396251
Tue Apr 27 2021 19:44:00 GMT-0500 (Central Daylight Time),66504916.230523035
Tue Apr 27 2021 19:45:00 GMT-0500 (Central Daylight Time),775492225.5425164
Tue Apr 27 2021 19:46:00 GMT-0500 (Central Daylight Time),104162014.96997821
Tue Apr 27 2021 19:47:00 GMT-0500 (Central Daylight Time),82320792.61813533
Tue Apr 27 2021 19:48:00 GMT-0500 (Central Daylight Time),94243072.19512847
Tue Apr 27 2021 19:49:00 GMT-0500 (Central Daylight Time),108487943.85847309
Tue Apr 27 2021 19:50:00 GMT-0500 (Central Daylight Time),101956198.0319712
Tue Apr 27 2021 19:51:00 GMT-0500 (Central Daylight Time),91951041.59577502
Tue Apr 27 2021 19:52:00 GMT-0500 (Central Daylight Time),115938370.34510517
Tue Apr 27 2021 19:53:00 GMT-0500 (Central Daylight Time),77529947.89375769
Tue Apr 27 2021 19:54:00 GMT-0500 (Central Daylight Time),106680626.54621415
Tue Apr 27 2021 19:55:00 GMT-0500 (Central Daylight Time),80446537.09467597
Tue Apr 27 2021 19:56:00 GMT-0500 (Central Daylight Time),52117977.31917179
Tue Apr 27 2021 19:57:00 GMT-0500 (Central Daylight Time),69017358.69491225
Tue Apr 27 2021 19:58:00 GMT-0500 (Central Daylight Time),100754523.81226501
Tue Apr 27 2021 19:59:00 GMT-0500 (Central Daylight Time),106859154.74923047
Tue Apr 27 2021 20:00:00 GMT-0500 (Central Daylight Time),771065365.692756
Tue Apr 27 2021 20:01:00 GMT-0500 (Central Daylight Time),83969799.54349208
Tue Apr 27 2021 20:02:00 GMT-0500 (Central Daylight Time),54676351.28415636
Tue Apr 27 2021 20:03:00 GMT-0500 (Central Daylight Time),67487282.79706152
Tue Apr 27 2021 20:04:00 GMT-0500 (Central Daylight Time),108483953.58269057
Tue Apr 27 2021 20:05:00 GMT-0500 (Central Daylight Time),91641725.15397575
Tue Apr 27 2021 20:06:00 GMT-0500 (Central Daylight Time),101573386.16890955
Tue Apr 27 2021 20:07:00 GMT-0500 (Central Daylight Time),102733587.95212471
Tue Apr 27 2021 20:08:00 GMT-0500 (Central Daylight Time),63555226.61531892
Tue Apr 27 2021 20:09:00 GMT-0500 (Central Daylight Time),91052379.04878348
Tue Apr 27 2021 20:10:00 GMT-0500 (Central Daylight Time),104776075.36672366
Tue Apr 27 2021 20:11:00 GMT-0500 (Central Daylight Time),97449839.43072045
Tue Apr 27 2021 20:12:00 GMT-0500 (Central Daylight Time),92865159.08104399
Tue Apr 27 2021 20:13:00 GMT-0500 (Central Daylight Time),77506305.33091722
Tue Apr 27 2021 20:14:00 GMT-0500 (Central Daylight Time),94959461.95592964
Tue Apr 27 2021 20:15:00 GMT-0500 (Central Daylight Time),62433700.0768325
Tue Apr 27 2021 20:16:00 GMT-0500 (Central Daylight Time),93968003.27462663
Tue Apr 27 2021 20:17:00 GMT-0500 (Central Daylight Time),96814848.58397067
Tue Apr 27 2021 20:18:00 GMT-0500 (Central Daylight Time),825996782.734414
Tue Apr 27 2021 20:19:00 GMT-0500 (Central Daylight Time),98148511.33289428
Tue Apr 27 2021 20:20:00 GMT-0500 (Central Daylight Time),97085971.45344684
Tue Apr 27 2021 20:21:00 GMT-0500 (Central Daylight Time),82813361.13311067
Tue Apr 27 2021 20:22:00 GMT-0500 (Central Daylight Time),78702056.20460106
Tue Apr 27 2021 20:23:00 GMT-0500 (Central Daylight Time),75710860.17555603
Tue Apr 27 2021 20:24:00 GMT-0500 (Central Daylight Time),55470485.061707176
Tue Apr 27 2021 20:25:00 GMT-0500 (Central Daylight Time),81180987.2007945
Tue Apr 27 2021 20:26:00 GMT-0500 (Central Daylight Time),70699222.37479092
Tue Apr 27 2021 20:27:00 GMT-0500 (Central Daylight Time),42374876.48622654
Tue Apr 27 2021 20:28:00 GMT-0500 (Central Daylight Time),55647852.17977733
Tue Apr 27 2021 20:29:00 GMT-0500 (Central Daylight Time),71796832.56398633
Tue Apr 27 2021 20:30:00 GMT-0500 (Central Daylight Time),47686229.49752908
Tue Apr 27 2021 20:31:00 GMT-0500 (Central Daylight Time),90449345.8654407
Tue Apr 27 2021 20:32:00 GMT-0500 (Central Daylight Time),70090922.68754256
Tue Apr 27 2021 20:33:00 GMT-0500 (Central Daylight Time),49012611.87081105
Tue Apr 27 2021 20:34:00 GMT-0500 (Central Daylight Time),72488712.72441705
Tue Apr 27 2021 20:35:00 GMT-0500 (Central Daylight Time),75919455.4336167
Tue Apr 27 2021 20:36:00 GMT-0500 (Central Daylight Time),66207568.17681532
Tue Apr 27 2021 20:37:00 GMT-0500 (Central Daylight Time),69661031.32524069
Tue Apr 27 2021 20:38:00 GMT-0500 (Central Daylight Time),823059192.7692988
Tue Apr 27 2021 20:39:00 GMT-0500 (Central Daylight Time),68849192.37191594
Tue Apr 27 2021 20:40:00 GMT-0500 (Central Daylight Time),75634240.319971
Tue Apr 27 2021 20:41:00 GMT-0500 (Central Daylight Time),61944631.59576658
Tue Apr 27 2021 20:43:00 GMT-0500 (Central Daylight Time),810740576.8043604
Tue Apr 27 2021 20:44:00 GMT-0500 (Central Daylight Time),89088129.91370878
Tue Apr 27 2021 20:45:00 GMT-0500 (Central Daylight Time),51236068.57317433
Tue Apr 27 2021 20:46:00 GMT-0500 (Central Daylight Time),91780096.18097374
Tue Apr 27 2021 20:47:00 GMT-0500 (Central Daylight Time),89270701.02505021
Tue Apr 27 2021 20:48:00 GMT-0500 (Central Daylight Time),77172356.2623105
Tue Apr 27 2021 20:49:00 GMT-0500 (Central Daylight Time),757838115.3319107
Tue Apr 27 2021 20:50:00 GMT-0500 (Central Daylight Time),99353325.76941623
Tue Apr 27 2021 20:52:00 GMT-0500 (Central Daylight Time),70777896.6075782
Tue Apr 27 2021 20:53:00 GMT-0500 (Central Daylight Time),86776865.27470447
Tue Apr 27 2021 20:54:00 GMT-0500 (Central Daylight Time),110960744.59357862
Tue Apr 27 2021 20:55:00 GMT-0500 (Central Daylight Time),94706090.03348358
Tue Apr 27 2021 20:56:00 GMT-0500 (Central Daylight Time),91345056.3718968
Tue Apr 27 2021 20:57:00 GMT-0500 (Central Daylight Time),91815548.38975479
Tue Apr 27 2021 20:58:00 GMT-0500 (Central Daylight Time),68924841.8672776
Tue Apr 27 2021 20:59:00 GMT-0500 (Central Daylight Time),96832433.69533435
Tue Apr 27 2021 21:00:00 GMT-0500 (Central Daylight Time),88667930.91593337
Tue Apr 27 2021 21:01:00 GMT-0500 (Central Daylight Time),61714145.2371641
Tue Apr 27 2021 21:02:00 GMT-0500 (Central Daylight Time),94945964.744748
Tue Apr 27 2021 21:04:00 GMT-0500 (Central Daylight Time),103133541.53497748
Tue Apr 27 2021 21:05:00 GMT-0500 (Central Daylight Time),86383107.63249649
Tue Apr 27 2021 21:06:00 GMT-0500 (Central Daylight Time),87835950.47299255
Tue Apr 27 2021 21:08:00 GMT-0500 (Central Daylight Time),86238493.38996223
Tue Apr 27 2021 21:09:00 GMT-0500 (Central Daylight Time),97947993.9845225
Tue Apr 27 2021 21:11:00 GMT-0500 (Central Daylight Time),74708645.8834438
Tue Apr 27 2021 21:12:00 GMT-0500 (Central Daylight Time),58143256.66732392
Tue Apr 27 2021 21:13:00 GMT-0500 (Central Daylight Time),66849486.090750456
Tue Apr 27 2021 21:14:00 GMT-0500 (Central Daylight Time),72426385.15313195
Tue Apr 27 2021 21:15:00 GMT-0500 (Central Daylight Time),91345083.3983452
Tue Apr 27 2021 21:16:00 GMT-0500 (Central Daylight Time),68921827.82087839
Tue Apr 27 2021 21:17:00 GMT-0500 (Central Daylight Time),97236540.52936137
Tue Apr 27 2021 21:19:00 GMT-0500 (Central Daylight Time),87587261.028386
Tue Apr 27 2021 21:20:00 GMT-0500 (Central Daylight Time),92877046.45848015
Tue Apr 27 2021 21:21:00 GMT-0500 (Central Daylight Time),68787319.07678701
Tue Apr 27 2021 21:22:00 GMT-0500 (Central Daylight Time),81804749.07093382
Tue Apr 27 2021 21:24:00 GMT-0500 (Central Daylight Time),85410393.546541
Tue Apr 27 2021 21:25:00 GMT-0500 (Central Daylight Time),89688333.82516037
Tue Apr 27 2021 21:26:00 GMT-0500 (Central Daylight Time),57942433.0065915
Tue Apr 27 2021 21:27:00 GMT-0500 (Central Daylight Time),80836934.3865481
Tue Apr 27 2021 21:28:00 GMT-0500 (Central Daylight Time),101290847.99187717
Tue Apr 27 2021 21:29:00 GMT-0500 (Central Daylight Time),88586084.3714877
Tue Apr 27 2021 21:30:00 GMT-0500 (Central Daylight Time),55960932.85805627
Tue Apr 27 2021 21:31:00 GMT-0500 (Central Daylight Time),52181729.572890244
Tue Apr 27 2021 21:32:00 GMT-0500 (Central Daylight Time),83597454.04985255
Tue Apr 27 2021 21:33:00 GMT-0500 (Central Daylight Time),98105053.84519976
Tue Apr 27 2021 21:34:00 GMT-0500 (Central Daylight Time),57858586.79357703
Tue Apr 27 2021 21:35:00 GMT-0500 (Central Daylight Time),94777458.15478231
Tue Apr 27 2021 21:36:00 GMT-0500 (Central Daylight Time),59465598.790296815
Tue Apr 27 2021 21:37:00 GMT-0500 (Central Daylight Time),51860045.02061186
Tue Apr 27 2021 21:38:00 GMT-0500 (Central Daylight Time),109919473.02488089
Tue Apr 27 2021 21:39:00 GMT-0500 (Central Daylight Time),64596858.44832676
Tue Apr 27 2021 21:40:00 GMT-0500 (Central Daylight Time),106693065.64383577
Tue Apr 27 2021 21:41:00 GMT-0500 (Central Daylight Time),128071647.71222773
Tue Apr 27 2021 21:42:00 GMT-0500 (Central Daylight Time),100066014.02934635
Tue Apr 27 2021 21:43:00 GMT-0500 (Central Daylight Time),85938429.44573969
Tue Apr 27 2021 21:45:00 GMT-0500 (Central Daylight Time),104571764.71294454
Tue Apr 27 2021 21:46:00 GMT-0500 (Central Daylight Time),82657996.86666752
Tue Apr 27 2021 21:47:00 GMT-0500 (Central Daylight Time),97801809.83216937
Tue Apr 27 2021 21:48:00 GMT-0500 (Central Daylight Time),72030791.35279588
Tue Apr 27 2021 21:49:00 GMT-0500 (Central Daylight Time),60839776.11979216
Tue Apr 27 2021 21:50:00 GMT-0500 (Central Daylight Time),52332870.574590184
Tue Apr 27 2021 21:51:00 GMT-0500 (Central Daylight Time),87325718.60247071
Tue Apr 27 2021 21:52:00 GMT-0500 (Central Daylight Time),93024241.75091568
Tue Apr 27 2021 21:53:00 GMT-0500 (Central Daylight Time),100615895.20845565
Tue Apr 27 2021 21:54:00 GMT-0500 (Central Daylight Time),84012189.84253554
Tue Apr 27 2021 21:55:00 GMT-0500 (Central Daylight Time),59500561.15312985
Tue Apr 27 2021 21:56:00 GMT-0500 (Central Daylight Time),85979694.70897402
Tue Apr 27 2021 21:57:00 GMT-0500 (Central Daylight Time),97083466.15485561
Tue Apr 27 2021 21:58:00 GMT-0500 (Central Daylight Time),68173784.41685684
Tue Apr 27 2021 21:59:00 GMT-0500 (Central Daylight Time),81793769.81765433
Tue Apr 27 2021 22:00:00 GMT-0500 (Central Daylight Time),94314452.89156505
Tue Apr 27 2021 22:01:00 GMT-0500 (Central Daylight Time),67714861.43701667
Tue Apr 27 2021 22:02:00 GMT-0500 (Central Daylight Time),79377181.03709823
Tue Apr 27 2021 22:03:00 GMT-0500 (Central Daylight Time),59029111.47884649
Tue Apr 27 2021 22:04:00 GMT-0500 (Central Daylight Time),63122474.06042528
Tue Apr 27 2021 22:05:00 GMT-0500 (Central Daylight Time),80892487.9706932
Tue Apr 27 2021 22:06:00 GMT-0500 (Central Daylight Time),54372810.824009925
Tue Apr 27 2021 22:07:00 GMT-0500 (Central Daylight Time),73050926.34654474
Tue Apr 27 2021 22:08:00 GMT-0500 (Central Daylight Time),66632442.23853945
Tue Apr 27 2021 22:09:00 GMT-0500 (Central Daylight Time),50503593.552370034
Tue Apr 27 2021 22:10:00 GMT-0500 (Central Daylight Time),55161996.40785843
Tue Apr 27 2021 22:11:00 GMT-0500 (Central Daylight Time),65321719.30463777
Tue Apr 27 2021 22:12:00 GMT-0500 (Central Daylight Time),103387233.96356836
Tue Apr 27 2021 22:13:00 GMT-0500 (Central Daylight Time),100874567.37713158
Tue Apr 27 2021 22:14:00 GMT-0500 (Central Daylight Time),77169293.89180158
Tue Apr 27 2021 22:15:00 GMT-0500 (Central Daylight Time),58735294.969257474
Tue Apr 27 2021 22:16:00 GMT-0500 (Central Daylight Time),77004624.56929392
Tue Apr 27 2021 22:17:00 GMT-0500 (Central Daylight Time),111516856.50450633
Tue Apr 27 2021 22:18:00 GMT-0500 (Central Daylight Time),89141040.57678846
Tue Apr 27 2021 22:19:00 GMT-0500 (Central Daylight Time),104945140.98772487
Tue Apr 27 2021 22:20:00 GMT-0500 (Central Daylight Time),74563032.28308542
Tue Apr 27 2021 22:21:00 GMT-0500 (Central Daylight Time),53804082.011130065
Tue Apr 27 2021 22:22:00 GMT-0500 (Central Daylight Time),62345966.401571296
Tue Apr 27 2021 22:23:00 GMT-0500 (Central Daylight Time),108485242.41760643
Tue Apr 27 2021 22:24:00 GMT-0500 (Central Daylight Time),95620465.50210151
Tue Apr 27 2021 22:25:00 GMT-0500 (Central Daylight Time),102056321.13756526
Tue Apr 27 2021 22:26:00 GMT-0500 (Central Daylight Time),69357850.18295746
Tue Apr 27 2021 22:27:00 GMT-0500 (Central Daylight Time),690420686.0820546
Tue Apr 27 2021 22:28:00 GMT-0500 (Central Daylight Time),104871940.40196958
Tue Apr 27 2021 22:30:00 GMT-0500 (Central Daylight Time),63497347.683658235
Tue Apr 27 2021 22:31:00 GMT-0500 (Central Daylight Time),69022459.40824263
Tue Apr 27 2021 22:32:00 GMT-0500 (Central Daylight Time),84570297.12009418
Tue Apr 27 2021 22:33:00 GMT-0500 (Central Daylight Time),116508781.82325757
Tue Apr 27 2021 22:34:00 GMT-0500 (Central Daylight Time),105708506.17850962
Tue Apr 27 2021 22:35:00 GMT-0500 (Central Daylight Time),92927388.06707413
Tue Apr 27 2021 22:36:00 GMT-0500 (Central Daylight Time),62445064.94276992
Tue Apr 27 2021 22:37:00 GMT-0500 (Central Daylight Time),86305528.46736494
Tue Apr 27 2021 22:39:00 GMT-0500 (Central Daylight Time),87728246.360143
Tue Apr 27 2021 22:40:00 GMT-0500 (Central Daylight Time),94297118.36909969
Tue Apr 27 2021 22:41:00 GMT-0500 (Central Daylight Time),97592587.46772352
Tue Apr 27 2021 22:43:00 GMT-0500 (Central Daylight Time),92933125.77680643
Tue Apr 27 2021 22:44:00 GMT-0500 (Central Daylight Time),91105671.66484442
Tue Apr 27 2021 22:46:00 GMT-0500 (Central Daylight Time),96403824.9964229
Tue Apr 27 2021 22:47:00 GMT-0500 (Central Daylight Time),94517121.4368565
Tue Apr 27 2021 22:48:00 GMT-0500 (Central Daylight Time),78715454.88607481
Tue Apr 27 2021 22:49:00 GMT-0500 (Central Daylight Time),87270667.74748394
Tue Apr 27 2021 22:50:00 GMT-0500 (Central Daylight Time),51920776.76198256
Tue Apr 27 2021 22:51:00 GMT-0500 (Central Daylight Time),57886363.53873979
Tue Apr 27 2021 22:52:00 GMT-0500 (Central Daylight Time),59346376.097536825
Tue Apr 27 2021 22:53:00 GMT-0500 (Central Daylight Time),98512892.36062336
Tue Apr 27 2021 22:55:00 GMT-0500 (Central Daylight Time),84277453.20189753
Tue Apr 27 2021 22:56:00 GMT-0500 (Central Daylight Time),95381402.15411675
Tue Apr 27 2021 22:57:00 GMT-0500 (Central Daylight Time),82521069.71169522
Tue Apr 27 2021 22:58:00 GMT-0500 (Central Daylight Time),77452153.14832526
Tue Apr 27 2021 22:59:00 GMT-0500 (Central Daylight Time),88611879.1189239
Tue Apr 27 2021 23:00:00 GMT-0500 (Central Daylight Time),113765771.99355307
Tue Apr 27 2021 23:01:00 GMT-0500 (Central Daylight Time),696940510.5172504
Tue Apr 27 2021 23:02:00 GMT-0500 (Central Daylight Time),92618656.3405046
Tue Apr 27 2021 23:03:00 GMT-0500 (Central Daylight Time),71583491.32442208
Tue Apr 27 2021 23:05:00 GMT-0500 (Central Daylight Time),107024395.05541417
Tue Apr 27 2021 23:06:00 GMT-0500 (Central Daylight Time),72257122.80030121
Tue Apr 27 2021 23:07:00 GMT-0500 (Central Daylight Time),88326198.42097682
Tue Apr 27 2021 23:08:00 GMT-0500 (Central Daylight Time),67174781.89805008
Tue Apr 27 2021 23:09:00 GMT-0500 (Central Daylight Time),68085494.27618945
Tue Apr 27 2021 23:10:00 GMT-0500 (Central Daylight Time),89420609.25354272
Tue Apr 27 2021 23:11:00 GMT-0500 (Central Daylight Time),112962897.98950565
Tue Apr 27 2021 23:12:00 GMT-0500 (Central Daylight Time),75203320.9355334
Tue Apr 27 2021 23:13:00 GMT-0500 (Central Daylight Time),85503051.83195023
Tue Apr 27 2021 23:14:00 GMT-0500 (Central Daylight Time),65775399.55226725
Tue Apr 27 2021 23:15:00 GMT-0500 (Central Daylight Time),58649128.57336038
Tue Apr 27 2021 23:16:00 GMT-0500 (Central Daylight Time),110634390.11872202
Tue Apr 27 2021 23:17:00 GMT-0500 (Central Daylight Time),101771785.11268331
Tue Apr 27 2021 23:18:00 GMT-0500 (Central Daylight Time),104811792.16867152
Tue Apr 27 2021 23:19:00 GMT-0500 (Central Daylight Time),94444869.19863415
Tue Apr 27 2021 23:20:00 GMT-0500 (Central Daylight Time),90397813.43185225
Tue Apr 27 2021 23:21:00 GMT-0500 (Central Daylight Time),96179954.94460621
Tue Apr 27 2021 23:22:00 GMT-0500 (Central Daylight Time),113470700.97525637
Tue Apr 27 2021 23:23:00 GMT-0500 (Central Daylight Time),1308750613.803698
Tue Apr 27 2021 23:24:00 GMT-0500 (Central Daylight Time),1536245774.3079226
Tue Apr 27 2021 23:25:00 GMT-0500 (Central Daylight Time),147893050.40995833
Tue Apr 27 2021 23:26:00 GMT-0500 (Central Daylight Time),89225743.23257136
Tue Apr 27 2021 23:27:00 GMT-0500 (Central Daylight Time),88582446.59757714
Tue Apr 27 2021 23:28:00 GMT-0500 (Central Daylight Time),64089154.72673348
Tue Apr 27 2021 23:29:00 GMT-0500 (Central Daylight Time),100619041.47697574
Tue Apr 27 2021 23:30:00 GMT-0500 (Central Daylight Time),139312925.59007204
Tue Apr 27 2021 23:31:00 GMT-0500 (Central Daylight Time),77365415.85858098
Tue Apr 27 2021 23:32:00 GMT-0500 (Central Daylight Time),66189863.0016553
Tue Apr 27 2021 23:33:00 GMT-0500 (Central Daylight Time),82595435.54580078
Tue Apr 27 2021 23:34:00 GMT-0500 (Central Daylight Time),72273553.7836659
Tue Apr 27 2021 23:35:00 GMT-0500 (Central Daylight Time),54446562.02124214
Tue Apr 27 2021 23:36:00 GMT-0500 (Central Daylight Time),64530648.096823394
Tue Apr 27 2021 23:37:00 GMT-0500 (Central Daylight Time),63655644.036115974
Tue Apr 27 2021 23:38:00 GMT-0500 (Central Daylight Time),59070170.334896974
Tue Apr 27 2021 23:39:00 GMT-0500 (Central Daylight Time),72627614.94126344
Tue Apr 27 2021 23:40:00 GMT-0500 (Central Daylight Time),98136857.02590145
Tue Apr 27 2021 23:41:00 GMT-0500 (Central Daylight Time),66009670.32580189
Tue Apr 27 2021 23:42:00 GMT-0500 (Central Daylight Time),60873297.70990223
Tue Apr 27 2021 23:43:00 GMT-0500 (Central Daylight Time),92356516.9334442
Tue Apr 27 2021 23:44:00 GMT-0500 (Central Daylight Time),85334014.95190634
Tue Apr 27 2021 23:45:00 GMT-0500 (Central Daylight Time),58769666.604323246
Tue Apr 27 2021 23:46:00 GMT-0500 (Central Daylight Time),55044052.33599174
Tue Apr 27 2021 23:47:00 GMT-0500 (Central Daylight Time),70525233.51467763
Tue Apr 27 2021 23:48:00 GMT-0500 (Central Daylight Time),57552986.01928686
Tue Apr 27 2021 23:49:00 GMT-0500 (Central Daylight Time),70376948.3442412
Tue Apr 27 2021 23:50:00 GMT-0500 (Central Daylight Time),84258298.64241108
Tue Apr 27 2021 23:51:00 GMT-0500 (Central Daylight Time),113527257.87896162
Tue Apr 27 2021 23:52:00 GMT-0500 (Central Daylight Time),70567662.62045352
Tue Apr 27 2021 23:53:00 GMT-0500 (Central Daylight Time),59724797.555311985
Tue Apr 27 2021 23:54:00 GMT-0500 (Central Daylight Time),56595436.37519159
Tue Apr 27 2021 23:55:00 GMT-0500 (Central Daylight Time),65434532.416711055
Tue Apr 27 2021 23:57:00 GMT-0500 (Central Daylight Time),95234540.79798609
Tue Apr 27 2021 23:58:00 GMT-0500 (Central Daylight Time),87668635.47927731
Tue Apr 27 2021 23:59:00 GMT-0500 (Central Daylight Time),56639219.71730891
Wed Apr 28 2021 00:00:00 GMT-0500 (Central Daylight Time),56126613.4002691
Wed Apr 28 2021 00:01:00 GMT-0500 (Central Daylight Time),94481669.13076812
Wed Apr 28 2021 00:02:00 GMT-0500 (Central Daylight Time),109569017.5674262
Wed Apr 28 2021 00:03:00 GMT-0500 (Central Daylight Time),101858707.91591996
Wed Apr 28 2021 00:04:00 GMT-0500 (Central Daylight Time),88601716.59334043
Wed Apr 28 2021 00:05:00 GMT-0500 (Central Daylight Time),87276659.03674875
Wed Apr 28 2021 00:06:00 GMT-0500 (Central Daylight Time),86287076.28209797
Wed Apr 28 2021 00:07:00 GMT-0500 (Central Daylight Time),106300975.79174858
Wed Apr 28 2021 00:08:00 GMT-0500 (Central Daylight Time),92150518.77842867
Wed Apr 28 2021 00:09:00 GMT-0500 (Central Daylight Time),97054517.3961511
Wed Apr 28 2021 00:10:00 GMT-0500 (Central Daylight Time),90599258.49718878
Wed Apr 28 2021 00:11:00 GMT-0500 (Central Daylight Time),99377051.07875781
Wed Apr 28 2021 00:12:00 GMT-0500 (Central Daylight Time),98076360.92309457
Wed Apr 28 2021 00:13:00 GMT-0500 (Central Daylight Time),98677853.70766482
Wed Apr 28 2021 00:14:00 GMT-0500 (Central Daylight Time),104904241.82788596
Wed Apr 28 2021 00:15:00 GMT-0500 (Central Daylight Time),89472837.56794202
Wed Apr 28 2021 00:16:00 GMT-0500 (Central Daylight Time),96460750.64568384
Wed Apr 28 2021 00:17:00 GMT-0500 (Central Daylight Time),63863434.94365817
Wed Apr 28 2021 00:18:00 GMT-0500 (Central Daylight Time),69594830.98872805
Wed Apr 28 2021 00:19:00 GMT-0500 (Central Daylight Time),89399613.69519177
Wed Apr 28 2021 00:20:00 GMT-0500 (Central Daylight Time),85258586.06850754
Wed Apr 28 2021 00:21:00 GMT-0500 (Central Daylight Time),88942431.33335066
Wed Apr 28 2021 00:22:00 GMT-0500 (Central Daylight Time),83936759.40853858
Wed Apr 28 2021 00:23:00 GMT-0500 (Central Daylight Time),98857173.1883226
Wed Apr 28 2021 00:24:00 GMT-0500 (Central Daylight Time),86634515.20443532
Wed Apr 28 2021 00:25:00 GMT-0500 (Central Daylight Time),94716191.6232765
Wed Apr 28 2021 00:26:00 GMT-0500 (Central Daylight Time),65553315.36247512
Wed Apr 28 2021 00:27:00 GMT-0500 (Central Daylight Time),89145810.66037232
Wed Apr 28 2021 00:28:00 GMT-0500 (Central Daylight Time),85997378.98200984
Wed Apr 28 2021 00:29:00 GMT-0500 (Central Daylight Time),97559933.04891539
Wed Apr 28 2021 00:30:00 GMT-0500 (Central Daylight Time),100643705.6204457
Wed Apr 28 2021 00:31:00 GMT-0500 (Central Daylight Time),84176731.73852246
Wed Apr 28 2021 00:32:00 GMT-0500 (Central Daylight Time),107003835.14523262
Wed Apr 28 2021 00:33:00 GMT-0500 (Central Daylight Time),101804560.167569
Wed Apr 28 2021 00:34:00 GMT-0500 (Central Daylight Time),91534808.23017472
Wed Apr 28 2021 00:35:00 GMT-0500 (Central Daylight Time),83735451.26307762
Wed Apr 28 2021 00:36:00 GMT-0500 (Central Daylight Time),54649630.84411707
Wed Apr 28 2021 00:37:00 GMT-0500 (Central Daylight Time),58799111.25759554
Wed Apr 28 2021 00:38:00 GMT-0500 (Central Daylight Time),79503605.01621617
Wed Apr 28 2021 00:39:00 GMT-0500 (Central Daylight Time),56472277.11442074
Wed Apr 28 2021 00:40:00 GMT-0500 (Central Daylight Time),101012321.61307383
Wed Apr 28 2021 00:41:00 GMT-0500 (Central Daylight Time),104943040.13744931
Wed Apr 28 2021 00:42:00 GMT-0500 (Central Daylight Time),104124353.63643968
Wed Apr 28 2021 00:43:00 GMT-0500 (Central Daylight Time),90992602.98052135
Wed Apr 28 2021 00:44:00 GMT-0500 (Central Daylight Time),88244231.40786487
Wed Apr 28 2021 00:45:00 GMT-0500 (Central Daylight Time),66158528.50376871
Wed Apr 28 2021 00:46:00 GMT-0500 (Central Daylight Time),97942652.7214815
Wed Apr 28 2021 00:47:00 GMT-0500 (Central Daylight Time),113937336.06078425
Wed Apr 28 2021 00:48:00 GMT-0500 (Central Daylight Time),92522214.37146977
Wed Apr 28 2021 00:49:00 GMT-0500 (Central Daylight Time),65249291.08747236
Wed Apr 28 2021 00:50:00 GMT-0500 (Central Daylight Time),105986424.35699622
Wed Apr 28 2021 00:51:00 GMT-0500 (Central Daylight Time),108317926.30938509
Wed Apr 28 2021 00:52:00 GMT-0500 (Central Daylight Time),67049439.61222344
Wed Apr 28 2021 00:53:00 GMT-0500 (Central Daylight Time),80608359.97166719
Wed Apr 28 2021 00:54:00 GMT-0500 (Central Daylight Time),93103307.1691531
Wed Apr 28 2021 00:55:00 GMT-0500 (Central Daylight Time),91071784.32372873
Wed Apr 28 2021 00:56:00 GMT-0500 (Central Daylight Time),73316499.06968677
Wed Apr 28 2021 00:57:00 GMT-0500 (Central Daylight Time),90855030.80960822
Wed Apr 28 2021 00:58:00 GMT-0500 (Central Daylight Time),107567187.75001636
Wed Apr 28 2021 00:59:00 GMT-0500 (Central Daylight Time),88344926.7307158
Wed Apr 28 2021 01:00:00 GMT-0500 (Central Daylight Time),67620608.01383393
Wed Apr 28 2021 01:01:00 GMT-0500 (Central Daylight Time),61061941.03055207
Wed Apr 28 2021 01:02:00 GMT-0500 (Central Daylight Time),77937763.08291017
Wed Apr 28 2021 01:03:00 GMT-0500 (Central Daylight Time),71452941.97899415
Wed Apr 28 2021 01:04:00 GMT-0500 (Central Daylight Time),109441830.01742285
Wed Apr 28 2021 01:05:00 GMT-0500 (Central Daylight Time),98488655.6498066
Wed Apr 28 2021 01:06:00 GMT-0500 (Central Daylight Time),110118454.59646663
Wed Apr 28 2021 01:07:00 GMT-0500 (Central Daylight Time),90207608.63199285
Wed Apr 28 2021 01:08:00 GMT-0500 (Central Daylight Time),92895753.13423723
Wed Apr 28 2021 01:09:00 GMT-0500 (Central Daylight Time),95192100.92260255
Wed Apr 28 2021 01:10:00 GMT-0500 (Central Daylight Time),106691931.93079948
Wed Apr 28 2021 01:11:00 GMT-0500 (Central Daylight Time),94714474.38788664
Wed Apr 28 2021 01:12:00 GMT-0500 (Central Daylight Time),100368799.23365018
Wed Apr 28 2021 01:13:00 GMT-0500 (Central Daylight Time),68500535.41847163
Wed Apr 28 2021 01:14:00 GMT-0500 (Central Daylight Time),64705891.752505094
Wed Apr 28 2021 01:15:00 GMT-0500 (Central Daylight Time),87136391.16052675
Wed Apr 28 2021 01:16:00 GMT-0500 (Central Daylight Time),57268758.287368394
Wed Apr 28 2021 01:17:00 GMT-0500 (Central Daylight Time),91371786.04259987
Wed Apr 28 2021 01:18:00 GMT-0500 (Central Daylight Time),106048421.65121932
Wed Apr 28 2021 01:19:00 GMT-0500 (Central Daylight Time),77159104.00390162
Wed Apr 28 2021 01:20:00 GMT-0500 (Central Daylight Time),64148886.71103313
Wed Apr 28 2021 01:21:00 GMT-0500 (Central Daylight Time),91212174.25364548
Wed Apr 28 2021 01:22:00 GMT-0500 (Central Daylight Time),87827186.39249218
Wed Apr 28 2021 01:23:00 GMT-0500 (Central Daylight Time),61129845.6560035
Wed Apr 28 2021 01:24:00 GMT-0500 (Central Daylight Time),70475917.02007574
Wed Apr 28 2021 01:25:00 GMT-0500 (Central Daylight Time),88744951.58551799
Wed Apr 28 2021 01:26:00 GMT-0500 (Central Daylight Time),66385378.76274521
Wed Apr 28 2021 01:27:00 GMT-0500 (Central Daylight Time),55393989.0206187
Wed Apr 28 2021 01:28:00 GMT-0500 (Central Daylight Time),76111588.94169056
Wed Apr 28 2021 01:29:00 GMT-0500 (Central Daylight Time),64372339.507201575
Wed Apr 28 2021 01:30:00 GMT-0500 (Central Daylight Time),56302032.04645439
Wed Apr 28 2021 01:31:00 GMT-0500 (Central Daylight Time),53887901.40571331
Wed Apr 28 2021 01:32:00 GMT-0500 (Central Daylight Time),73964209.33854368
Wed Apr 28 2021 01:33:00 GMT-0500 (Central Daylight Time),74585818.04152635
Wed Apr 28 2021 01:34:00 GMT-0500 (Central Daylight Time),70662364.39698003
Wed Apr 28 2021 01:35:00 GMT-0500 (Central Daylight Time),75301010.96549578
Wed Apr 28 2021 01:36:00 GMT-0500 (Central Daylight Time),87754872.6266421
Wed Apr 28 2021 01:37:00 GMT-0500 (Central Daylight Time),57248831.66507912
Wed Apr 28 2021 01:38:00 GMT-0500 (Central Daylight Time),84864076.5607978
Wed Apr 28 2021 01:39:00 GMT-0500 (Central Daylight Time),89952140.99654116
Wed Apr 28 2021 01:40:00 GMT-0500 (Central Daylight Time),71186428.37890635
Wed Apr 28 2021 01:41:00 GMT-0500 (Central Daylight Time),57484867.24684904
Wed Apr 28 2021 01:42:00 GMT-0500 (Central Daylight Time),56582970.061549194
Wed Apr 28 2021 01:43:00 GMT-0500 (Central Daylight Time),56380150.11484525
Wed Apr 28 2021 01:44:00 GMT-0500 (Central Daylight Time),78401506.12952083
Wed Apr 28 2021 01:45:00 GMT-0500 (Central Daylight Time),93224374.6651433
Wed Apr 28 2021 01:46:00 GMT-0500 (Central Daylight Time),77066751.38044891
Wed Apr 28 2021 01:47:00 GMT-0500 (Central Daylight Time),89966437.8114958
Wed Apr 28 2021 01:48:00 GMT-0500 (Central Daylight Time),91247790.52078432
Wed Apr 28 2021 01:49:00 GMT-0500 (Central Daylight Time),75936604.86693542
Wed Apr 28 2021 01:50:00 GMT-0500 (Central Daylight Time),91873769.68061846
Wed Apr 28 2021 01:51:00 GMT-0500 (Central Daylight Time),68841819.95000729
Wed Apr 28 2021 01:52:00 GMT-0500 (Central Daylight Time),65598200.12700915
Wed Apr 28 2021 01:53:00 GMT-0500 (Central Daylight Time),68878302.99360663
Wed Apr 28 2021 01:54:00 GMT-0500 (Central Daylight Time),109477680.85263412
Wed Apr 28 2021 01:55:00 GMT-0500 (Central Daylight Time),70972850.86656676
Wed Apr 28 2021 01:56:00 GMT-0500 (Central Daylight Time),80757703.96551023
Wed Apr 28 2021 01:57:00 GMT-0500 (Central Daylight Time),79031944.45948176
Wed Apr 28 2021 01:58:00 GMT-0500 (Central Daylight Time),63909636.65589776
Wed Apr 28 2021 01:59:00 GMT-0500 (Central Daylight Time),68019992.78003533
Wed Apr 28 2021 02:00:00 GMT-0500 (Central Daylight Time),86304786.84575818
Wed Apr 28 2021 02:01:00 GMT-0500 (Central Daylight Time),72099680.10550228
Wed Apr 28 2021 02:02:00 GMT-0500 (Central Daylight Time),81794742.70040943
Wed Apr 28 2021 02:03:00 GMT-0500 (Central Daylight Time),70746354.83840531
Wed Apr 28 2021 02:04:00 GMT-0500 (Central Daylight Time),53204257.63992839
Wed Apr 28 2021 02:05:00 GMT-0500 (Central Daylight Time),57520968.22388939
Wed Apr 28 2021 02:06:00 GMT-0500 (Central Daylight Time),97079015.50643136
Wed Apr 28 2021 02:07:00 GMT-0500 (Central Daylight Time),78960696.53588115
Wed Apr 28 2021 02:08:00 GMT-0500 (Central Daylight Time),56832602.77098342
Wed Apr 28 2021 02:09:00 GMT-0500 (Central Daylight Time),101933052.91220295
Wed Apr 28 2021 02:10:00 GMT-0500 (Central Daylight Time),81343032.94699629
Wed Apr 28 2021 02:11:00 GMT-0500 (Central Daylight Time),72332878.21947826
Wed Apr 28 2021 02:12:00 GMT-0500 (Central Daylight Time),99188644.38118756
Wed Apr 28 2021 02:13:00 GMT-0500 (Central Daylight Time),74671227.30208378
Wed Apr 28 2021 02:14:00 GMT-0500 (Central Daylight Time),60220355.14295608
Wed Apr 28 2021 02:15:00 GMT-0500 (Central Daylight Time),80460014.17156245
Wed Apr 28 2021 02:16:00 GMT-0500 (Central Daylight Time),60724514.87895908
Wed Apr 28 2021 02:17:00 GMT-0500 (Central Daylight Time),83062418.79919294
Wed Apr 28 2021 02:18:00 GMT-0500 (Central Daylight Time),63849653.91788381
Wed Apr 28 2021 02:19:00 GMT-0500 (Central Daylight Time),51444898.24752178
Wed Apr 28 2021 02:20:00 GMT-0500 (Central Daylight Time),75314135.35473096
Wed Apr 28 2021 02:21:00 GMT-0500 (Central Daylight Time),65493979.43030599
Wed Apr 28 2021 02:22:00 GMT-0500 (Central Daylight Time),67722113.98348665
Wed Apr 28 2021 02:23:00 GMT-0500 (Central Daylight Time),82754707.92209251
Wed Apr 28 2021 02:24:00 GMT-0500 (Central Daylight Time),88482470.01962626
Wed Apr 28 2021 02:25:00 GMT-0500 (Central Daylight Time),79234633.26615617
Wed Apr 28 2021 02:26:00 GMT-0500 (Central Daylight Time),57219343.07032355
Wed Apr 28 2021 02:27:00 GMT-0500 (Central Daylight Time),86626649.6973171
Wed Apr 28 2021 02:28:00 GMT-0500 (Central Daylight Time),68283538.25671664
Wed Apr 28 2021 02:29:00 GMT-0500 (Central Daylight Time),63027591.580834486
Wed Apr 28 2021 02:30:00 GMT-0500 (Central Daylight Time),65207761.6144968
Wed Apr 28 2021 02:31:00 GMT-0500 (Central Daylight Time),75348983.11568445
Wed Apr 28 2021 02:32:00 GMT-0500 (Central Daylight Time),73782411.04104818
Wed Apr 28 2021 02:33:00 GMT-0500 (Central Daylight Time),76871154.40025832
Wed Apr 28 2021 02:34:00 GMT-0500 (Central Daylight Time),58870917.65528425
Wed Apr 28 2021 02:35:00 GMT-0500 (Central Daylight Time),82889120.98418453
Wed Apr 28 2021 02:36:00 GMT-0500 (Central Daylight Time),71742488.8294406
Wed Apr 28 2021 02:37:00 GMT-0500 (Central Daylight Time),60137004.86018106
Wed Apr 28 2021 02:38:00 GMT-0500 (Central Daylight Time),69837595.55617042
Wed Apr 28 2021 02:39:00 GMT-0500 (Central Daylight Time),75288377.53009152
Wed Apr 28 2021 02:40:00 GMT-0500 (Central Daylight Time),107231145.18747799
Wed Apr 28 2021 02:41:00 GMT-0500 (Central Daylight Time),112376847.45234737
Wed Apr 28 2021 02:42:00 GMT-0500 (Central Daylight Time),85826077.25408153
Wed Apr 28 2021 02:43:00 GMT-0500 (Central Daylight Time),112584155.25769278
Wed Apr 28 2021 02:44:00 GMT-0500 (Central Daylight Time),86381575.74921907
Wed Apr 28 2021 02:45:00 GMT-0500 (Central Daylight Time),87649955.2198677
Wed Apr 28 2021 02:46:00 GMT-0500 (Central Daylight Time),91755360.81619406
Wed Apr 28 2021 02:47:00 GMT-0500 (Central Daylight Time),70720217.59800108
Wed Apr 28 2021 02:48:00 GMT-0500 (Central Daylight Time),66627492.10560823
Wed Apr 28 2021 02:49:00 GMT-0500 (Central Daylight Time),79956482.18124329
Wed Apr 28 2021 02:50:00 GMT-0500 (Central Daylight Time),91768625.26285526
Wed Apr 28 2021 02:51:00 GMT-0500 (Central Daylight Time),92661015.71851815
Wed Apr 28 2021 02:52:00 GMT-0500 (Central Daylight Time),106795230.82420847
Wed Apr 28 2021 02:53:00 GMT-0500 (Central Daylight Time),102683328.7641811
Wed Apr 28 2021 02:54:00 GMT-0500 (Central Daylight Time),100914744.05006629
Wed Apr 28 2021 02:55:00 GMT-0500 (Central Daylight Time),68678456.57083365
Wed Apr 28 2021 02:56:00 GMT-0500 (Central Daylight Time),58714851.269476116
Wed Apr 28 2021 02:57:00 GMT-0500 (Central Daylight Time),62423699.99741838
Wed Apr 28 2021 02:58:00 GMT-0500 (Central Daylight Time),65355335.31978264
Wed Apr 28 2021 02:59:00 GMT-0500 (Central Daylight Time),105943771.5779383
Wed Apr 28 2021 03:00:00 GMT-0500 (Central Daylight Time),79784151.90812175
Wed Apr 28 2021 03:01:00 GMT-0500 (Central Daylight Time),77153645.33079201
Wed Apr 28 2021 03:02:00 GMT-0500 (Central Daylight Time),81249545.82145709
Wed Apr 28 2021 03:03:00 GMT-0500 (Central Daylight Time),85044745.08325534
Wed Apr 28 2021 03:04:00 GMT-0500 (Central Daylight Time),76422426.23640426
Wed Apr 28 2021 03:05:00 GMT-0500 (Central Daylight Time),91101106.02987055
Wed Apr 28 2021 03:06:00 GMT-0500 (Central Daylight Time),81588680.99204773
Wed Apr 28 2021 03:07:00 GMT-0500 (Central Daylight Time),92101761.0024634
Wed Apr 28 2021 03:08:00 GMT-0500 (Central Daylight Time),87188627.70077504
Wed Apr 28 2021 03:09:00 GMT-0500 (Central Daylight Time),81770531.37128375
Wed Apr 28 2021 03:10:00 GMT-0500 (Central Daylight Time),69410615.59270611
Wed Apr 28 2021 03:11:00 GMT-0500 (Central Daylight Time),122228781.69185998
Wed Apr 28 2021 03:12:00 GMT-0500 (Central Daylight Time),61462940.96244433
Wed Apr 28 2021 03:13:00 GMT-0500 (Central Daylight Time),80378448.06588726
Wed Apr 28 2021 03:14:00 GMT-0500 (Central Daylight Time),55277459.42693311
Wed Apr 28 2021 03:15:00 GMT-0500 (Central Daylight Time),50522590.52572474
Wed Apr 28 2021 03:16:00 GMT-0500 (Central Daylight Time),53100105.196736954
Wed Apr 28 2021 03:17:00 GMT-0500 (Central Daylight Time),62590607.29279205
Wed Apr 28 2021 03:18:00 GMT-0500 (Central Daylight Time),79624921.16846468
Wed Apr 28 2021 03:19:00 GMT-0500 (Central Daylight Time),101114659.4057483
Wed Apr 28 2021 03:20:00 GMT-0500 (Central Daylight Time),67257484.88135801
Wed Apr 28 2021 03:21:00 GMT-0500 (Central Daylight Time),67119545.25078917
Wed Apr 28 2021 03:22:00 GMT-0500 (Central Daylight Time),74736687.58508064
Wed Apr 28 2021 03:23:00 GMT-0500 (Central Daylight Time),69839611.19185463
Wed Apr 28 2021 03:24:00 GMT-0500 (Central Daylight Time),53362670.67197444
Wed Apr 28 2021 03:25:00 GMT-0500 (Central Daylight Time),70963696.89308937
Wed Apr 28 2021 03:26:00 GMT-0500 (Central Daylight Time),98942961.97824161
Wed Apr 28 2021 03:27:00 GMT-0500 (Central Daylight Time),81975041.83217
Wed Apr 28 2021 03:28:00 GMT-0500 (Central Daylight Time),66852529.583872706
Wed Apr 28 2021 03:29:00 GMT-0500 (Central Daylight Time),70004962.8809039
Wed Apr 28 2021 03:30:00 GMT-0500 (Central Daylight Time),75392225.1674638
Wed Apr 28 2021 03:31:00 GMT-0500 (Central Daylight Time),73741399.180682
Wed Apr 28 2021 03:32:00 GMT-0500 (Central Daylight Time),71914174.25680666
Wed Apr 28 2021 03:33:00 GMT-0500 (Central Daylight Time),75597480.51126659
Wed Apr 28 2021 03:34:00 GMT-0500 (Central Daylight Time),77665173.95212975
Wed Apr 28 2021 03:35:00 GMT-0500 (Central Daylight Time),94135992.335238
Wed Apr 28 2021 03:36:00 GMT-0500 (Central Daylight Time),78600287.8301299
Wed Apr 28 2021 03:37:00 GMT-0500 (Central Daylight Time),84546854.79867564
Wed Apr 28 2021 03:38:00 GMT-0500 (Central Daylight Time),50600325.55152724
Wed Apr 28 2021 03:39:00 GMT-0500 (Central Daylight Time),57249902.89927342
Wed Apr 28 2021 03:40:00 GMT-0500 (Central Daylight Time),59450213.464057796
Wed Apr 28 2021 03:41:00 GMT-0500 (Central Daylight Time),73164175.7790389
Wed Apr 28 2021 03:42:00 GMT-0500 (Central Daylight Time),52428215.44001943
Wed Apr 28 2021 03:43:00 GMT-0500 (Central Daylight Time),57800535.96921178
Wed Apr 28 2021 03:44:00 GMT-0500 (Central Daylight Time),58745195.84250325
Wed Apr 28 2021 03:45:00 GMT-0500 (Central Daylight Time),80041868.47392766
Wed Apr 28 2021 03:46:00 GMT-0500 (Central Daylight Time),54420065.00862187
Wed Apr 28 2021 03:47:00 GMT-0500 (Central Daylight Time),65781164.872175515
Wed Apr 28 2021 03:48:00 GMT-0500 (Central Daylight Time),57184904.678572096
Wed Apr 28 2021 03:49:00 GMT-0500 (Central Daylight Time),72408234.3062818
Wed Apr 28 2021 03:50:00 GMT-0500 (Central Daylight Time),86104162.06442615
Wed Apr 28 2021 03:51:00 GMT-0500 (Central Daylight Time),66653605.48706943
Wed Apr 28 2021 03:52:00 GMT-0500 (Central Daylight Time),71789499.19948058
Wed Apr 28 2021 03:53:00 GMT-0500 (Central Daylight Time),83176683.93671402
Wed Apr 28 2021 03:54:00 GMT-0500 (Central Daylight Time),70103023.22765137
Wed Apr 28 2021 03:55:00 GMT-0500 (Central Daylight Time),67155402.3901027
Wed Apr 28 2021 03:56:00 GMT-0500 (Central Daylight Time),69565071.84199816
Wed Apr 28 2021 03:57:00 GMT-0500 (Central Daylight Time),88004551.30128141
Wed Apr 28 2021 03:58:00 GMT-0500 (Central Daylight Time),76512981.04803482
Wed Apr 28 2021 03:59:00 GMT-0500 (Central Daylight Time),81285784.13694555
Wed Apr 28 2021 04:00:00 GMT-0500 (Central Daylight Time),88806990.60030182
Wed Apr 28 2021 04:01:00 GMT-0500 (Central Daylight Time),74179838.53931743
Wed Apr 28 2021 04:02:00 GMT-0500 (Central Daylight Time),76008313.3002495
Wed Apr 28 2021 04:03:00 GMT-0500 (Central Daylight Time),85390489.81011024
Wed Apr 28 2021 04:04:00 GMT-0500 (Central Daylight Time),90465273.06768124
Wed Apr 28 2021 04:05:00 GMT-0500 (Central Daylight Time),98409724.52303354
Wed Apr 28 2021 04:06:00 GMT-0500 (Central Daylight Time),70080577.58669819
Wed Apr 28 2021 04:07:00 GMT-0500 (Central Daylight Time),89581293.13230135
Wed Apr 28 2021 04:08:00 GMT-0500 (Central Daylight Time),110207027.72011678
Wed Apr 28 2021 04:09:00 GMT-0500 (Central Daylight Time),96863529.06777428
Wed Apr 28 2021 04:10:00 GMT-0500 (Central Daylight Time),81799211.01561399
Wed Apr 28 2021 04:11:00 GMT-0500 (Central Daylight Time),73546376.83948539
Wed Apr 28 2021 04:12:00 GMT-0500 (Central Daylight Time),90113825.17286718
Wed Apr 28 2021 04:13:00 GMT-0500 (Central Daylight Time),85620785.93083422
Wed Apr 28 2021 04:14:00 GMT-0500 (Central Daylight Time),83808271.37041155
Wed Apr 28 2021 04:15:00 GMT-0500 (Central Daylight Time),87098027.0635004
Wed Apr 28 2021 04:16:00 GMT-0500 (Central Daylight Time),83380896.57781473
Wed Apr 28 2021 04:17:00 GMT-0500 (Central Daylight Time),72812137.55935554
Wed Apr 28 2021 04:18:00 GMT-0500 (Central Daylight Time),85952066.22585572
Wed Apr 28 2021 04:19:00 GMT-0500 (Central Daylight Time),77691377.92742848
Wed Apr 28 2021 04:20:00 GMT-0500 (Central Daylight Time),78699749.20762685
Wed Apr 28 2021 04:21:00 GMT-0500 (Central Daylight Time),99985151.83522017
Wed Apr 28 2021 04:22:00 GMT-0500 (Central Daylight Time),69148950.79268958
Wed Apr 28 2021 04:23:00 GMT-0500 (Central Daylight Time),81819867.2825567
Wed Apr 28 2021 04:24:00 GMT-0500 (Central Daylight Time),64937724.06247421
Wed Apr 28 2021 04:25:00 GMT-0500 (Central Daylight Time),76652161.74937244
Wed Apr 28 2021 04:26:00 GMT-0500 (Central Daylight Time),78315267.82741357
Wed Apr 28 2021 04:27:00 GMT-0500 (Central Daylight Time),71922437.426708
Wed Apr 28 2021 04:28:00 GMT-0500 (Central Daylight Time),89595440.17789133
Wed Apr 28 2021 04:29:00 GMT-0500 (Central Daylight Time),70267363.86713935
Wed Apr 28 2021 04:30:00 GMT-0500 (Central Daylight Time),103763354.50805207
Wed Apr 28 2021 04:31:00 GMT-0500 (Central Daylight Time),69199156.66787624
Wed Apr 28 2021 04:32:00 GMT-0500 (Central Daylight Time),66451192.02282391
Wed Apr 28 2021 04:33:00 GMT-0500 (Central Daylight Time),75989943.73119743
Wed Apr 28 2021 04:34:00 GMT-0500 (Central Daylight Time),82323682.15317102
Wed Apr 28 2021 04:35:00 GMT-0500 (Central Daylight Time),85508109.26209521
Wed Apr 28 2021 04:36:00 GMT-0500 (Central Daylight Time),92558653.85569371
Wed Apr 28 2021 04:37:00 GMT-0500 (Central Daylight Time),75693223.66474508
Wed Apr 28 2021 04:38:00 GMT-0500 (Central Daylight Time),85837046.72791408
Wed Apr 28 2021 04:39:00 GMT-0500 (Central Daylight Time),69259701.10343474
Wed Apr 28 2021 04:40:00 GMT-0500 (Central Daylight Time),80554100.49475063
Wed Apr 28 2021 04:41:00 GMT-0500 (Central Daylight Time),72335356.7224838
Wed Apr 28 2021 04:42:00 GMT-0500 (Central Daylight Time),65054643.14222944
Wed Apr 28 2021 04:43:00 GMT-0500 (Central Daylight Time),60999986.67242511
Wed Apr 28 2021 04:44:00 GMT-0500 (Central Daylight Time),82964024.8308321
Wed Apr 28 2021 04:45:00 GMT-0500 (Central Daylight Time),89740072.25690524
Wed Apr 28 2021 04:46:00 GMT-0500 (Central Daylight Time),96403537.48866622
Wed Apr 28 2021 04:47:00 GMT-0500 (Central Daylight Time),87565472.07273565
Wed Apr 28 2021 04:48:00 GMT-0500 (Central Daylight Time),72503951.40113653
Wed Apr 28 2021 04:49:00 GMT-0500 (Central Daylight Time),65292010.78894677
Wed Apr 28 2021 04:50:00 GMT-0500 (Central Daylight Time),54704859.64557523
Wed Apr 28 2021 04:51:00 GMT-0500 (Central Daylight Time),85792030.71845007
Wed Apr 28 2021 04:52:00 GMT-0500 (Central Daylight Time),91813433.96551117
Wed Apr 28 2021 04:53:00 GMT-0500 (Central Daylight Time),55268178.0982928
Wed Apr 28 2021 04:54:00 GMT-0500 (Central Daylight Time),102081994.96356525
Wed Apr 28 2021 04:55:00 GMT-0500 (Central Daylight Time),71860241.79726855
Wed Apr 28 2021 04:56:00 GMT-0500 (Central Daylight Time),67154676.9217433
Wed Apr 28 2021 04:57:00 GMT-0500 (Central Daylight Time),78411324.66875452
Wed Apr 28 2021 04:58:00 GMT-0500 (Central Daylight Time),84295402.90083335
Wed Apr 28 2021 04:59:00 GMT-0500 (Central Daylight Time),74506814.63636382
Wed Apr 28 2021 05:00:00 GMT-0500 (Central Daylight Time),89341652.85935783
Wed Apr 28 2021 05:01:00 GMT-0500 (Central Daylight Time),64103371.567219615
Wed Apr 28 2021 05:02:00 GMT-0500 (Central Daylight Time),67287624.73364995
Wed Apr 28 2021 05:03:00 GMT-0500 (Central Daylight Time),95356834.82722647
Wed Apr 28 2021 05:04:00 GMT-0500 (Central Daylight Time),60933663.56021851
Wed Apr 28 2021 05:05:00 GMT-0500 (Central Daylight Time),53934534.19658577
Wed Apr 28 2021 05:06:00 GMT-0500 (Central Daylight Time),63348754.141641796
Wed Apr 28 2021 05:07:00 GMT-0500 (Central Daylight Time),60564440.80320388
Wed Apr 28 2021 05:08:00 GMT-0500 (Central Daylight Time),60752680.409766875
Wed Apr 28 2021 05:09:00 GMT-0500 (Central Daylight Time),89303213.92156047
Wed Apr 28 2021 05:10:00 GMT-0500 (Central Daylight Time),75389261.8576482
Wed Apr 28 2021 05:11:00 GMT-0500 (Central Daylight Time),55032146.42876822
Wed Apr 28 2021 05:12:00 GMT-0500 (Central Daylight Time),65758789.694193244
Wed Apr 28 2021 05:13:00 GMT-0500 (Central Daylight Time),46780510.723628454
Wed Apr 28 2021 05:14:00 GMT-0500 (Central Daylight Time),63564263.02470155
Wed Apr 28 2021 05:15:00 GMT-0500 (Central Daylight Time),43257869.7239267
Wed Apr 28 2021 05:16:00 GMT-0500 (Central Daylight Time),82250553.89426053
Wed Apr 28 2021 05:17:00 GMT-0500 (Central Daylight Time),53356008.886808224
Wed Apr 28 2021 05:18:00 GMT-0500 (Central Daylight Time),83066048.60300766
Wed Apr 28 2021 05:19:00 GMT-0500 (Central Daylight Time),54102420.65387169
Wed Apr 28 2021 05:20:00 GMT-0500 (Central Daylight Time),51359034.98330975
Wed Apr 28 2021 05:21:00 GMT-0500 (Central Daylight Time),77521715.73497987
Wed Apr 28 2021 05:22:00 GMT-0500 (Central Daylight Time),79637532.3135049
Wed Apr 28 2021 05:23:00 GMT-0500 (Central Daylight Time),57444975.08086413
Wed Apr 28 2021 05:24:00 GMT-0500 (Central Daylight Time),54851881.087236665
Wed Apr 28 2021 05:25:00 GMT-0500 (Central Daylight Time),63218724.01755551
Wed Apr 28 2021 05:26:00 GMT-0500 (Central Daylight Time),61830887.39415526
Wed Apr 28 2021 05:27:00 GMT-0500 (Central Daylight Time),66550472.816780366
Wed Apr 28 2021 05:28:00 GMT-0500 (Central Daylight Time),82241462.6796022
Wed Apr 28 2021 05:29:00 GMT-0500 (Central Daylight Time),104639767.36457242
Wed Apr 28 2021 05:30:00 GMT-0500 (Central Daylight Time),84644349.64739497
Wed Apr 28 2021 05:31:00 GMT-0500 (Central Daylight Time),71709288.26300177
Wed Apr 28 2021 05:32:00 GMT-0500 (Central Daylight Time),79401196.03585386
Wed Apr 28 2021 05:33:00 GMT-0500 (Central Daylight Time),78462728.1263218
Wed Apr 28 2021 05:34:00 GMT-0500 (Central Daylight Time),81937794.38215245
Wed Apr 28 2021 05:35:00 GMT-0500 (Central Daylight Time),61647366.411444336
Wed Apr 28 2021 05:36:00 GMT-0500 (Central Daylight Time),52078800.90720471
Wed Apr 28 2021 05:37:00 GMT-0500 (Central Daylight Time),73240397.91189891
Wed Apr 28 2021 05:38:00 GMT-0500 (Central Daylight Time),52474978.937982224
Wed Apr 28 2021 05:39:00 GMT-0500 (Central Daylight Time),83820902.91106547
Wed Apr 28 2021 05:40:00 GMT-0500 (Central Daylight Time),57024916.356924705
Wed Apr 28 2021 05:41:00 GMT-0500 (Central Daylight Time),69743100.3673451
Wed Apr 28 2021 05:42:00 GMT-0500 (Central Daylight Time),57724581.02830871
Wed Apr 28 2021 05:43:00 GMT-0500 (Central Daylight Time),53329360.57663196
Wed Apr 28 2021 05:44:00 GMT-0500 (Central Daylight Time),74274846.22871125
Wed Apr 28 2021 05:45:00 GMT-0500 (Central Daylight Time),59314241.65903943
Wed Apr 28 2021 05:46:00 GMT-0500 (Central Daylight Time),77618539.65792546
Wed Apr 28 2021 05:47:00 GMT-0500 (Central Daylight Time),78989874.00791323
Wed Apr 28 2021 05:48:00 GMT-0500 (Central Daylight Time),68086100.71510944
Wed Apr 28 2021 05:49:00 GMT-0500 (Central Daylight Time),90248307.322281
Wed Apr 28 2021 05:50:00 GMT-0500 (Central Daylight Time),88128788.90152915
Wed Apr 28 2021 05:51:00 GMT-0500 (Central Daylight Time),97764082.16811816
Wed Apr 28 2021 05:52:00 GMT-0500 (Central Daylight Time),65142630.161735736
Wed Apr 28 2021 05:53:00 GMT-0500 (Central Daylight Time),65907859.32495248
Wed Apr 28 2021 05:54:00 GMT-0500 (Central Daylight Time),84187311.20805709
Wed Apr 28 2021 05:55:00 GMT-0500 (Central Daylight Time),67219186.59258899
Wed Apr 28 2021 05:56:00 GMT-0500 (Central Daylight Time),91541659.67436326
Wed Apr 28 2021 05:57:00 GMT-0500 (Central Daylight Time),69661979.66725284
Wed Apr 28 2021 05:58:00 GMT-0500 (Central Daylight Time),96868270.4695267
Wed Apr 28 2021 05:59:00 GMT-0500 (Central Daylight Time),96331102.21748675
Wed Apr 28 2021 06:00:00 GMT-0500 (Central Daylight Time),99562333.82263285
Wed Apr 28 2021 06:01:00 GMT-0500 (Central Daylight Time),80864646.15817423
Wed Apr 28 2021 06:02:00 GMT-0500 (Central Daylight Time),94531796.57027546
Wed Apr 28 2021 06:03:00 GMT-0500 (Central Daylight Time),98670721.6502878
Wed Apr 28 2021 06:04:00 GMT-0500 (Central Daylight Time),81651777.564497
Wed Apr 28 2021 06:05:00 GMT-0500 (Central Daylight Time),75568954.68199389
Wed Apr 28 2021 06:06:00 GMT-0500 (Central Daylight Time),70683868.2985461
Wed Apr 28 2021 06:07:00 GMT-0500 (Central Daylight Time),107007307.77198902
Wed Apr 28 2021 06:08:00 GMT-0500 (Central Daylight Time),114205813.95795077
Wed Apr 28 2021 06:09:00 GMT-0500 (Central Daylight Time),105717198.01650484
Wed Apr 28 2021 06:10:00 GMT-0500 (Central Daylight Time),103618382.60749173
Wed Apr 28 2021 06:11:00 GMT-0500 (Central Daylight Time),108988078.79710078
Wed Apr 28 2021 06:12:00 GMT-0500 (Central Daylight Time),104707905.48083606
Wed Apr 28 2021 06:13:00 GMT-0500 (Central Daylight Time),106177015.71989599
Wed Apr 28 2021 06:14:00 GMT-0500 (Central Daylight Time),98668472.26314354
Wed Apr 28 2021 06:15:00 GMT-0500 (Central Daylight Time),101879027.61274467
Wed Apr 28 2021 06:16:00 GMT-0500 (Central Daylight Time),97937780.09657428
Wed Apr 28 2021 06:17:00 GMT-0500 (Central Daylight Time),98085921.06864296
Wed Apr 28 2021 06:18:00 GMT-0500 (Central Daylight Time),100498171.92255694
Wed Apr 28 2021 06:19:00 GMT-0500 (Central Daylight Time),98965948.99634796
Wed Apr 28 2021 06:20:00 GMT-0500 (Central Daylight Time),86861832.92640579
Wed Apr 28 2021 06:21:00 GMT-0500 (Central Daylight Time),84825612.95302278
Wed Apr 28 2021 06:22:00 GMT-0500 (Central Daylight Time),82874790.05199566
Wed Apr 28 2021 06:23:00 GMT-0500 (Central Daylight Time),68319212.65290596
Wed Apr 28 2021 06:24:00 GMT-0500 (Central Daylight Time),84624636.33613044
Wed Apr 28 2021 06:25:00 GMT-0500 (Central Daylight Time),63510780.65489175
Wed Apr 28 2021 06:26:00 GMT-0500 (Central Daylight Time),75759582.85690978
Wed Apr 28 2021 06:27:00 GMT-0500 (Central Daylight Time),97276638.72142097
Wed Apr 28 2021 06:28:00 GMT-0500 (Central Daylight Time),96388318.48916554
Wed Apr 28 2021 06:29:00 GMT-0500 (Central Daylight Time),89749670.85199751
Wed Apr 28 2021 06:30:00 GMT-0500 (Central Daylight Time),108178687.56280181
Wed Apr 28 2021 06:31:00 GMT-0500 (Central Daylight Time),83650224.07138743
Wed Apr 28 2021 06:32:00 GMT-0500 (Central Daylight Time),112831616.089379
Wed Apr 28 2021 06:33:00 GMT-0500 (Central Daylight Time),112233609.2534711
Wed Apr 28 2021 06:34:00 GMT-0500 (Central Daylight Time),101427673.44162503
Wed Apr 28 2021 06:35:00 GMT-0500 (Central Daylight Time),100774016.1900123
Wed Apr 28 2021 06:36:00 GMT-0500 (Central Daylight Time),91577734.19362438
Wed Apr 28 2021 06:37:00 GMT-0500 (Central Daylight Time),95258793.89680552
Wed Apr 28 2021 06:38:00 GMT-0500 (Central Daylight Time),68677250.9151074
Wed Apr 28 2021 06:39:00 GMT-0500 (Central Daylight Time),82436450.15094279
Wed Apr 28 2021 06:40:00 GMT-0500 (Central Daylight Time),102886944.71593928
Wed Apr 28 2021 06:41:00 GMT-0500 (Central Daylight Time),60605826.59229865
Wed Apr 28 2021 06:42:00 GMT-0500 (Central Daylight Time),73269057.95695885
Wed Apr 28 2021 06:43:00 GMT-0500 (Central Daylight Time),101579117.39718992
Wed Apr 28 2021 06:44:00 GMT-0500 (Central Daylight Time),103434113.99579117
Wed Apr 28 2021 06:45:00 GMT-0500 (Central Daylight Time),104114643.20659482
Wed Apr 28 2021 06:46:00 GMT-0500 (Central Daylight Time),106745127.91993922
Wed Apr 28 2021 06:47:00 GMT-0500 (Central Daylight Time),99284447.09158152
Wed Apr 28 2021 06:48:00 GMT-0500 (Central Daylight Time),81906626.6814099
Wed Apr 28 2021 06:49:00 GMT-0500 (Central Daylight Time),54076345.651944906
Wed Apr 28 2021 06:50:00 GMT-0500 (Central Daylight Time),87630102.48296669
Wed Apr 28 2021 06:51:00 GMT-0500 (Central Daylight Time),61701381.445857525
Wed Apr 28 2021 06:52:00 GMT-0500 (Central Daylight Time),65749794.56991366
Wed Apr 28 2021 06:53:00 GMT-0500 (Central Daylight Time),77488225.26435637
Wed Apr 28 2021 06:54:00 GMT-0500 (Central Daylight Time),93791085.07023396
Wed Apr 28 2021 06:55:00 GMT-0500 (Central Daylight Time),73852057.96042548
Wed Apr 28 2021 06:56:00 GMT-0500 (Central Daylight Time),84336845.94427694
Wed Apr 28 2021 06:57:00 GMT-0500 (Central Daylight Time),93297863.23528707
Wed Apr 28 2021 06:58:00 GMT-0500 (Central Daylight Time),66007604.87150204
Wed Apr 28 2021 06:59:00 GMT-0500 (Central Daylight Time),70671801.0845064
Wed Apr 28 2021 07:00:00 GMT-0500 (Central Daylight Time),83834953.4393812
Wed Apr 28 2021 07:01:00 GMT-0500 (Central Daylight Time),80079571.41332255
Wed Apr 28 2021 07:02:00 GMT-0500 (Central Daylight Time),75505266.61838748
Wed Apr 28 2021 07:03:00 GMT-0500 (Central Daylight Time),104698606.15104692
Wed Apr 28 2021 07:04:00 GMT-0500 (Central Daylight Time),69293303.4314139
Wed Apr 28 2021 07:05:00 GMT-0500 (Central Daylight Time),78646115.80244623
Wed Apr 28 2021 07:06:00 GMT-0500 (Central Daylight Time),90055649.8448733
Wed Apr 28 2021 07:07:00 GMT-0500 (Central Daylight Time),70708590.64724566
Wed Apr 28 2021 07:08:00 GMT-0500 (Central Daylight Time),73534202.74481396
Wed Apr 28 2021 07:09:00 GMT-0500 (Central Daylight Time),60612554.801020615
Wed Apr 28 2021 07:10:00 GMT-0500 (Central Daylight Time),68875281.14726885
Wed Apr 28 2021 07:11:00 GMT-0500 (Central Daylight Time),94470216.85838139
Wed Apr 28 2021 07:12:00 GMT-0500 (Central Daylight Time),59066586.06634286
Wed Apr 28 2021 07:13:00 GMT-0500 (Central Daylight Time),104652604.19112897
Wed Apr 28 2021 07:14:00 GMT-0500 (Central Daylight Time),101618190.6424379
Wed Apr 28 2021 07:15:00 GMT-0500 (Central Daylight Time),78821580.77685657
Wed Apr 28 2021 07:16:00 GMT-0500 (Central Daylight Time),87536929.02381328
Wed Apr 28 2021 07:17:00 GMT-0500 (Central Daylight Time),63965414.673984155
Wed Apr 28 2021 07:18:00 GMT-0500 (Central Daylight Time),68273878.80620122
Wed Apr 28 2021 07:19:00 GMT-0500 (Central Daylight Time),52081291.21909117
Wed Apr 28 2021 07:20:00 GMT-0500 (Central Daylight Time),54291819.00799877
Wed Apr 28 2021 07:21:00 GMT-0500 (Central Daylight Time),93579686.59923673
Wed Apr 28 2021 07:22:00 GMT-0500 (Central Daylight Time),64703558.97192261
Wed Apr 28 2021 07:23:00 GMT-0500 (Central Daylight Time),81451839.07572316
Wed Apr 28 2021 07:24:00 GMT-0500 (Central Daylight Time),101532386.6314181
Wed Apr 28 2021 07:25:00 GMT-0500 (Central Daylight Time),83214420.35564882
Wed Apr 28 2021 07:26:00 GMT-0500 (Central Daylight Time),77299890.47093545
Wed Apr 28 2021 07:27:00 GMT-0500 (Central Daylight Time),65714467.0080122
Wed Apr 28 2021 07:28:00 GMT-0500 (Central Daylight Time),82066879.61950488
Wed Apr 28 2021 07:29:00 GMT-0500 (Central Daylight Time),86923376.57953745
Wed Apr 28 2021 07:30:00 GMT-0500 (Central Daylight Time),100489892.41979341
Wed Apr 28 2021 07:31:00 GMT-0500 (Central Daylight Time),81405918.44168153
Wed Apr 28 2021 07:32:00 GMT-0500 (Central Daylight Time),76274414.02329724
Wed Apr 28 2021 07:33:00 GMT-0500 (Central Daylight Time),69804833.78215268
Wed Apr 28 2021 07:34:00 GMT-0500 (Central Daylight Time),88372613.34013677
Wed Apr 28 2021 07:35:00 GMT-0500 (Central Daylight Time),73668227.04178101
Wed Apr 28 2021 07:36:00 GMT-0500 (Central Daylight Time),104917268.13920751
Wed Apr 28 2021 07:37:00 GMT-0500 (Central Daylight Time),103116850.20657028
Wed Apr 28 2021 07:38:00 GMT-0500 (Central Daylight Time),71810314.91146465
Wed Apr 28 2021 07:39:00 GMT-0500 (Central Daylight Time),104161079.66140847
Wed Apr 28 2021 07:40:00 GMT-0500 (Central Daylight Time),68097930.80059776
Wed Apr 28 2021 07:41:00 GMT-0500 (Central Daylight Time),61592688.84219485
Wed Apr 28 2021 07:42:00 GMT-0500 (Central Daylight Time),81416665.50815561
Wed Apr 28 2021 07:43:00 GMT-0500 (Central Daylight Time),69295890.68757427
Wed Apr 28 2021 07:44:00 GMT-0500 (Central Daylight Time),90224074.33470796
Wed Apr 28 2021 07:45:00 GMT-0500 (Central Daylight Time),90676364.00379838
Wed Apr 28 2021 07:46:00 GMT-0500 (Central Daylight Time),60307723.631441146
Wed Apr 28 2021 07:47:00 GMT-0500 (Central Daylight Time),49675325.74488724
Wed Apr 28 2021 07:48:00 GMT-0500 (Central Daylight Time),74409542.04220448
Wed Apr 28 2021 07:49:00 GMT-0500 (Central Daylight Time),74844007.857366
Wed Apr 28 2021 07:50:00 GMT-0500 (Central Daylight Time),73416665.06443766
Wed Apr 28 2021 07:51:00 GMT-0500 (Central Daylight Time),69051583.8604311
Wed Apr 28 2021 07:52:00 GMT-0500 (Central Daylight Time),65199187.46479351
Wed Apr 28 2021 07:53:00 GMT-0500 (Central Daylight Time),102610580.94917989
Wed Apr 28 2021 07:54:00 GMT-0500 (Central Daylight Time),71315174.0856413
Wed Apr 28 2021 07:55:00 GMT-0500 (Central Daylight Time),84003604.7846543
Wed Apr 28 2021 07:56:00 GMT-0500 (Central Daylight Time),90406908.59719682
Wed Apr 28 2021 07:57:00 GMT-0500 (Central Daylight Time),88860344.69039068
Wed Apr 28 2021 07:58:00 GMT-0500 (Central Daylight Time),57862110.49267384
Wed Apr 28 2021 07:59:00 GMT-0500 (Central Daylight Time),60354863.59260992
Wed Apr 28 2021 08:00:00 GMT-0500 (Central Daylight Time),71887685.00917536
Wed Apr 28 2021 08:01:00 GMT-0500 (Central Daylight Time),77095546.07197973
Wed Apr 28 2021 08:02:00 GMT-0500 (Central Daylight Time),83841628.3279545
Wed Apr 28 2021 08:03:00 GMT-0500 (Central Daylight Time),49581190.84834355
Wed Apr 28 2021 08:04:00 GMT-0500 (Central Daylight Time),52166205.90333583
Wed Apr 28 2021 08:05:00 GMT-0500 (Central Daylight Time),55722641.74727142
Wed Apr 28 2021 08:06:00 GMT-0500 (Central Daylight Time),58125669.64762636
Wed Apr 28 2021 08:07:00 GMT-0500 (Central Daylight Time),51347729.533453815
Wed Apr 28 2021 08:08:00 GMT-0500 (Central Daylight Time),77809042.28254877
Wed Apr 28 2021 08:09:00 GMT-0500 (Central Daylight Time),54374662.930633776
Wed Apr 28 2021 08:10:00 GMT-0500 (Central Daylight Time),63263756.49555266
Wed Apr 28 2021 08:11:00 GMT-0500 (Central Daylight Time),62540732.67783606
Wed Apr 28 2021 08:12:00 GMT-0500 (Central Daylight Time),74182317.11211069
Wed Apr 28 2021 08:13:00 GMT-0500 (Central Daylight Time),73753955.88222052
Wed Apr 28 2021 08:14:00 GMT-0500 (Central Daylight Time),67435093.44738305
Wed Apr 28 2021 08:15:00 GMT-0500 (Central Daylight Time),67328195.0842586
Wed Apr 28 2021 08:16:00 GMT-0500 (Central Daylight Time),70086494.27578478
Wed Apr 28 2021 08:17:00 GMT-0500 (Central Daylight Time),81153240.12630177
Wed Apr 28 2021 08:18:00 GMT-0500 (Central Daylight Time),70000738.17529404
Wed Apr 28 2021 08:19:00 GMT-0500 (Central Daylight Time),93458195.47082911
Wed Apr 28 2021 08:20:00 GMT-0500 (Central Daylight Time),51066948.7321573
Wed Apr 28 2021 08:21:00 GMT-0500 (Central Daylight Time),57292103.74748305
Wed Apr 28 2021 08:22:00 GMT-0500 (Central Daylight Time),70915316.95176171
Wed Apr 28 2021 08:23:00 GMT-0500 (Central Daylight Time),71802712.88864923
Wed Apr 28 2021 08:24:00 GMT-0500 (Central Daylight Time),59828756.03316311
Wed Apr 28 2021 08:25:00 GMT-0500 (Central Daylight Time),81254688.90319833
Wed Apr 28 2021 08:26:00 GMT-0500 (Central Daylight Time),66124298.864473365
Wed Apr 28 2021 08:27:00 GMT-0500 (Central Daylight Time),65515773.77111715
Wed Apr 28 2021 08:28:00 GMT-0500 (Central Daylight Time),91374188.06776011
Wed Apr 28 2021 08:29:00 GMT-0500 (Central Daylight Time),64366747.44718567
Wed Apr 28 2021 08:30:00 GMT-0500 (Central Daylight Time),76677601.95929807
Wed Apr 28 2021 08:31:00 GMT-0500 (Central Daylight Time),58013801.34717635
Wed Apr 28 2021 08:32:00 GMT-0500 (Central Daylight Time),95190462.10989656
Wed Apr 28 2021 08:33:00 GMT-0500 (Central Daylight Time),93663380.74515438
Wed Apr 28 2021 08:34:00 GMT-0500 (Central Daylight Time),85012376.8665816
Wed Apr 28 2021 08:35:00 GMT-0500 (Central Daylight Time),96061501.32453243
Wed Apr 28 2021 08:36:00 GMT-0500 (Central Daylight Time),99049258.95984226
Wed Apr 28 2021 08:37:00 GMT-0500 (Central Daylight Time),68095266.26521881
Wed Apr 28 2021 08:38:00 GMT-0500 (Central Daylight Time),73976616.15244909
Wed Apr 28 2021 08:39:00 GMT-0500 (Central Daylight Time),78071188.23889323
Wed Apr 28 2021 08:40:00 GMT-0500 (Central Daylight Time),103422989.30911523
Wed Apr 28 2021 08:41:00 GMT-0500 (Central Daylight Time),74249771.0338836
Wed Apr 28 2021 08:42:00 GMT-0500 (Central Daylight Time),76830464.3603976
Wed Apr 28 2021 08:43:00 GMT-0500 (Central Daylight Time),97716256.77442789
Wed Apr 28 2021 08:44:00 GMT-0500 (Central Daylight Time),100523961.95581691
Wed Apr 28 2021 08:45:00 GMT-0500 (Central Daylight Time),80511558.52296981
Wed Apr 28 2021 08:46:00 GMT-0500 (Central Daylight Time),76069798.03120299
Wed Apr 28 2021 08:47:00 GMT-0500 (Central Daylight Time),81897788.27827503
Wed Apr 28 2021 08:48:00 GMT-0500 (Central Daylight Time),88140342.60541867
Wed Apr 28 2021 08:49:00 GMT-0500 (Central Daylight Time),79298908.89708991
Wed Apr 28 2021 08:50:00 GMT-0500 (Central Daylight Time),92795596.21140832
Wed Apr 28 2021 08:51:00 GMT-0500 (Central Daylight Time),88026485.52780603
Wed Apr 28 2021 08:52:00 GMT-0500 (Central Daylight Time),72970449.98254944
Wed Apr 28 2021 08:53:00 GMT-0500 (Central Daylight Time),112140715.87369601
Wed Apr 28 2021 08:54:00 GMT-0500 (Central Daylight Time),90011112.52241826
Wed Apr 28 2021 08:55:00 GMT-0500 (Central Daylight Time),83014671.95828362
Wed Apr 28 2021 08:56:00 GMT-0500 (Central Daylight Time),96328219.90762328
Wed Apr 28 2021 08:57:00 GMT-0500 (Central Daylight Time),84951946.28934386
Wed Apr 28 2021 08:58:00 GMT-0500 (Central Daylight Time),82086731.1082426
Wed Apr 28 2021 08:59:00 GMT-0500 (Central Daylight Time),91017540.83928098
Wed Apr 28 2021 09:00:00 GMT-0500 (Central Daylight Time),70487840.63742727
Wed Apr 28 2021 09:02:00 GMT-0500 (Central Daylight Time),89857373.43193354
Wed Apr 28 2021 09:03:00 GMT-0500 (Central Daylight Time),77721032.57434686
Wed Apr 28 2021 09:04:00 GMT-0500 (Central Daylight Time),72255204.414593
Wed Apr 28 2021 09:05:00 GMT-0500 (Central Daylight Time),88892141.20348878
Wed Apr 28 2021 09:06:00 GMT-0500 (Central Daylight Time),83777379.07505824
Wed Apr 28 2021 09:07:00 GMT-0500 (Central Daylight Time),94751570.7509048
Wed Apr 28 2021 09:08:00 GMT-0500 (Central Daylight Time),85821261.55662952
Wed Apr 28 2021 09:09:00 GMT-0500 (Central Daylight Time),85613278.71674673
Wed Apr 28 2021 09:10:00 GMT-0500 (Central Daylight Time),71479060.87298791
Wed Apr 28 2021 09:11:00 GMT-0500 (Central Daylight Time),101312996.26210909
Wed Apr 28 2021 09:12:00 GMT-0500 (Central Daylight Time),83271852.96483482
Wed Apr 28 2021 09:13:00 GMT-0500 (Central Daylight Time),84325827.59890988
Wed Apr 28 2021 09:14:00 GMT-0500 (Central Daylight Time),83135290.16303553
Wed Apr 28 2021 09:15:00 GMT-0500 (Central Daylight Time),72333514.77235633
Wed Apr 28 2021 09:16:00 GMT-0500 (Central Daylight Time),73315365.55946587
Wed Apr 28 2021 09:17:00 GMT-0500 (Central Daylight Time),81965783.33602647
Wed Apr 28 2021 09:18:00 GMT-0500 (Central Daylight Time),76534779.05078033
Wed Apr 28 2021 09:19:00 GMT-0500 (Central Daylight Time),95089192.78737478
Wed Apr 28 2021 09:20:00 GMT-0500 (Central Daylight Time),90452084.26857887
Wed Apr 28 2021 09:21:00 GMT-0500 (Central Daylight Time),89243809.1379781
Wed Apr 28 2021 09:22:00 GMT-0500 (Central Daylight Time),98118173.5527304
Wed Apr 28 2021 09:23:00 GMT-0500 (Central Daylight Time),198264342.60595563
Wed Apr 28 2021 09:24:00 GMT-0500 (Central Daylight Time),89290926.55022727
Wed Apr 28 2021 09:25:00 GMT-0500 (Central Daylight Time),76245444.94091038
Wed Apr 28 2021 09:26:00 GMT-0500 (Central Daylight Time),71796236.35167105
Wed Apr 28 2021 09:27:00 GMT-0500 (Central Daylight Time),74277488.6609845
Wed Apr 28 2021 09:28:00 GMT-0500 (Central Daylight Time),96412569.7664125
Wed Apr 28 2021 09:29:00 GMT-0500 (Central Daylight Time),73562920.19806771
Wed Apr 28 2021 09:30:00 GMT-0500 (Central Daylight Time),80400482.63753015
Wed Apr 28 2021 09:31:00 GMT-0500 (Central Daylight Time),78055635.7987595
Wed Apr 28 2021 09:32:00 GMT-0500 (Central Daylight Time),73819250.12852614
Wed Apr 28 2021 09:33:00 GMT-0500 (Central Daylight Time),98841906.64131612
Wed Apr 28 2021 09:34:00 GMT-0500 (Central Daylight Time),68315546.3494295
Wed Apr 28 2021 09:35:00 GMT-0500 (Central Daylight Time),77503938.91294973
Wed Apr 28 2021 09:36:00 GMT-0500 (Central Daylight Time),92445470.56645761
Wed Apr 28 2021 09:37:00 GMT-0500 (Central Daylight Time),77429541.53135921
Wed Apr 28 2021 09:38:00 GMT-0500 (Central Daylight Time),77185884.07211624
Wed Apr 28 2021 09:39:00 GMT-0500 (Central Daylight Time),80668307.414186
Wed Apr 28 2021 09:40:00 GMT-0500 (Central Daylight Time),66596060.74970395
Wed Apr 28 2021 09:41:00 GMT-0500 (Central Daylight Time),100180812.12652053
Wed Apr 28 2021 09:42:00 GMT-0500 (Central Daylight Time),79522106.79941906
Wed Apr 28 2021 09:43:00 GMT-0500 (Central Daylight Time),105735970.3519278
Wed Apr 28 2021 09:44:00 GMT-0500 (Central Daylight Time),71965734.298465
Wed Apr 28 2021 09:45:00 GMT-0500 (Central Daylight Time),67295162.86386694
Wed Apr 28 2021 09:46:00 GMT-0500 (Central Daylight Time),69302764.97107111
Wed Apr 28 2021 09:47:00 GMT-0500 (Central Daylight Time),87981705.57154961
Wed Apr 28 2021 09:48:00 GMT-0500 (Central Daylight Time),86017356.55701761
Wed Apr 28 2021 09:49:00 GMT-0500 (Central Daylight Time),95612650.58759044
Wed Apr 28 2021 09:50:00 GMT-0500 (Central Daylight Time),83663303.16458696
Wed Apr 28 2021 09:51:00 GMT-0500 (Central Daylight Time),91724361.17064929
Wed Apr 28 2021 09:52:00 GMT-0500 (Central Daylight Time),68328392.20607382
Wed Apr 28 2021 09:53:00 GMT-0500 (Central Daylight Time),70429758.37271984
Wed Apr 28 2021 09:54:00 GMT-0500 (Central Daylight Time),98759016.69323073
Wed Apr 28 2021 09:55:00 GMT-0500 (Central Daylight Time),97842528.03601007
Wed Apr 28 2021 09:56:00 GMT-0500 (Central Daylight Time),75437624.17325789
Wed Apr 28 2021 09:57:00 GMT-0500 (Central Daylight Time),100959848.43194029
Wed Apr 28 2021 09:58:00 GMT-0500 (Central Daylight Time),81301374.67587477
Wed Apr 28 2021 09:59:00 GMT-0500 (Central Daylight Time),86708677.52373101
Wed Apr 28 2021 10:00:00 GMT-0500 (Central Daylight Time),74269897.53403191
Wed Apr 28 2021 10:01:00 GMT-0500 (Central Daylight Time),98792441.45545548
Wed Apr 28 2021 10:02:00 GMT-0500 (Central Daylight Time),75563591.18701339
Wed Apr 28 2021 10:03:00 GMT-0500 (Central Daylight Time),75954555.31690161
Wed Apr 28 2021 10:04:00 GMT-0500 (Central Daylight Time),78355282.48905373
Wed Apr 28 2021 10:05:00 GMT-0500 (Central Daylight Time),88107367.61106028
Wed Apr 28 2021 10:06:00 GMT-0500 (Central Daylight Time),94027792.0581315
Wed Apr 28 2021 10:07:00 GMT-0500 (Central Daylight Time),101915435.2346909
Wed Apr 28 2021 10:08:00 GMT-0500 (Central Daylight Time),101592444.50137803
Wed Apr 28 2021 10:09:00 GMT-0500 (Central Daylight Time),77831202.03654844
Wed Apr 28 2021 10:10:00 GMT-0500 (Central Daylight Time),75511230.51706503
Wed Apr 28 2021 10:11:00 GMT-0500 (Central Daylight Time),74858778.61263673
Wed Apr 28 2021 10:12:00 GMT-0500 (Central Daylight Time),76230437.14603871
Wed Apr 28 2021 10:13:00 GMT-0500 (Central Daylight Time),104545592.80219817
Wed Apr 28 2021 10:14:00 GMT-0500 (Central Daylight Time),99969774.86939019
Wed Apr 28 2021 10:15:00 GMT-0500 (Central Daylight Time),63366023.96757189
Wed Apr 28 2021 10:16:00 GMT-0500 (Central Daylight Time),65674278.41274309
Wed Apr 28 2021 10:17:00 GMT-0500 (Central Daylight Time),68828949.89544424
Wed Apr 28 2021 10:18:00 GMT-0500 (Central Daylight Time),103450172.44364336
Wed Apr 28 2021 10:19:00 GMT-0500 (Central Daylight Time),63047762.436660744
Wed Apr 28 2021 10:20:00 GMT-0500 (Central Daylight Time),78516802.39892207
Wed Apr 28 2021 10:21:00 GMT-0500 (Central Daylight Time),104452208.7631349
Wed Apr 28 2021 10:22:00 GMT-0500 (Central Daylight Time),109103259.83712645
Wed Apr 28 2021 10:23:00 GMT-0500 (Central Daylight Time),140034716.23198536
Wed Apr 28 2021 10:24:00 GMT-0500 (Central Daylight Time),91961661.59353037
Wed Apr 28 2021 10:25:00 GMT-0500 (Central Daylight Time),111699827.11262147
Wed Apr 28 2021 10:26:00 GMT-0500 (Central Daylight Time),98915034.2697283
Wed Apr 28 2021 10:27:00 GMT-0500 (Central Daylight Time),117074753.85784197
Wed Apr 28 2021 10:28:00 GMT-0500 (Central Daylight Time),89325074.36579515
Wed Apr 28 2021 10:29:00 GMT-0500 (Central Daylight Time),135433366.34987393
Wed Apr 28 2021 10:30:00 GMT-0500 (Central Daylight Time),89069211.99735875
Wed Apr 28 2021 10:31:00 GMT-0500 (Central Daylight Time),97097151.55287468
Wed Apr 28 2021 10:32:00 GMT-0500 (Central Daylight Time),79164191.6366149
Wed Apr 28 2021 10:33:00 GMT-0500 (Central Daylight Time),108003501.51007736
Wed Apr 28 2021 10:34:00 GMT-0500 (Central Daylight Time),97812611.39838348
Wed Apr 28 2021 10:35:00 GMT-0500 (Central Daylight Time),69858922.88068861
Wed Apr 28 2021 10:36:00 GMT-0500 (Central Daylight Time),65400853.049008965
Wed Apr 28 2021 10:37:00 GMT-0500 (Central Daylight Time),92903636.85163504
Wed Apr 28 2021 10:38:00 GMT-0500 (Central Daylight Time),93165739.78722388
Wed Apr 28 2021 10:39:00 GMT-0500 (Central Daylight Time),109275968.0140168
Wed Apr 28 2021 10:40:00 GMT-0500 (Central Daylight Time),102562333.54551618
Wed Apr 28 2021 10:41:00 GMT-0500 (Central Daylight Time),100453662.30152044
Wed Apr 28 2021 10:42:00 GMT-0500 (Central Daylight Time),70373291.88755701
Wed Apr 28 2021 10:43:00 GMT-0500 (Central Daylight Time),81228129.96860228
Wed Apr 28 2021 10:44:00 GMT-0500 (Central Daylight Time),91396970.86081733
Wed Apr 28 2021 10:45:00 GMT-0500 (Central Daylight Time),84111279.24277277
Wed Apr 28 2021 10:46:00 GMT-0500 (Central Daylight Time),63580849.58043727
Wed Apr 28 2021 10:47:00 GMT-0500 (Central Daylight Time),61566899.47312274
Wed Apr 28 2021 10:48:00 GMT-0500 (Central Daylight Time),73125370.5628636
Wed Apr 28 2021 10:49:00 GMT-0500 (Central Daylight Time),66451643.04429272
Wed Apr 28 2021 10:50:00 GMT-0500 (Central Daylight Time),79398314.24820168
Wed Apr 28 2021 10:51:00 GMT-0500 (Central Daylight Time),73736514.30186515
Wed Apr 28 2021 10:52:00 GMT-0500 (Central Daylight Time),86154482.11572821
Wed Apr 28 2021 10:53:00 GMT-0500 (Central Daylight Time),87861136.62709028
Wed Apr 28 2021 10:54:00 GMT-0500 (Central Daylight Time),91969866.67869824
Wed Apr 28 2021 10:55:00 GMT-0500 (Central Daylight Time),69608312.45124458
Wed Apr 28 2021 10:56:00 GMT-0500 (Central Daylight Time),93339364.87695704
Wed Apr 28 2021 10:57:00 GMT-0500 (Central Daylight Time),88661364.71398608
Wed Apr 28 2021 10:58:00 GMT-0500 (Central Daylight Time),86299703.83971776
Wed Apr 28 2021 10:59:00 GMT-0500 (Central Daylight Time),70235614.69437967
Wed Apr 28 2021 11:00:00 GMT-0500 (Central Daylight Time),50640731.338279165
Wed Apr 28 2021 11:01:00 GMT-0500 (Central Daylight Time),74837142.19697072
Wed Apr 28 2021 11:02:00 GMT-0500 (Central Daylight Time),57501842.78987489
Wed Apr 28 2021 11:03:00 GMT-0500 (Central Daylight Time),59880247.19230505
Wed Apr 28 2021 11:04:00 GMT-0500 (Central Daylight Time),58926177.107667156
Wed Apr 28 2021 11:05:00 GMT-0500 (Central Daylight Time),64885454.70094362
Wed Apr 28 2021 11:06:00 GMT-0500 (Central Daylight Time),51913998.692055225
Wed Apr 28 2021 11:07:00 GMT-0500 (Central Daylight Time),48677638.35061332
Wed Apr 28 2021 11:08:00 GMT-0500 (Central Daylight Time),55433767.56322076
Wed Apr 28 2021 11:09:00 GMT-0500 (Central Daylight Time),75347520.77094352
Wed Apr 28 2021 11:10:00 GMT-0500 (Central Daylight Time),61644066.97646377
Wed Apr 28 2021 11:11:00 GMT-0500 (Central Daylight Time),64767534.59337899
Wed Apr 28 2021 11:12:00 GMT-0500 (Central Daylight Time),61879709.54089993
Wed Apr 28 2021 11:13:00 GMT-0500 (Central Daylight Time),51817552.87558066
Wed Apr 28 2021 11:14:00 GMT-0500 (Central Daylight Time),65400630.9081506
Wed Apr 28 2021 11:15:00 GMT-0500 (Central Daylight Time),67347498.04894632
Wed Apr 28 2021 11:16:00 GMT-0500 (Central Daylight Time),88130518.5862593
Wed Apr 28 2021 11:17:00 GMT-0500 (Central Daylight Time),60075308.68483646
Wed Apr 28 2021 11:18:00 GMT-0500 (Central Daylight Time),69955168.12868732
Wed Apr 28 2021 11:19:00 GMT-0500 (Central Daylight Time),77804652.53413
Wed Apr 28 2021 11:20:00 GMT-0500 (Central Daylight Time),61885086.36937952
Wed Apr 28 2021 11:21:00 GMT-0500 (Central Daylight Time),93286106.22434364
Wed Apr 28 2021 11:22:00 GMT-0500 (Central Daylight Time),49051106.570171565
Wed Apr 28 2021 11:23:00 GMT-0500 (Central Daylight Time),82382132.58868855
Wed Apr 28 2021 11:24:00 GMT-0500 (Central Daylight Time),63668411.78656733
Wed Apr 28 2021 11:25:00 GMT-0500 (Central Daylight Time),78317509.18589336
Wed Apr 28 2021 11:26:00 GMT-0500 (Central Daylight Time),81595722.70240644
Wed Apr 28 2021 11:27:00 GMT-0500 (Central Daylight Time),97246878.98777597
Wed Apr 28 2021 11:28:00 GMT-0500 (Central Daylight Time),53181406.33223649
Wed Apr 28 2021 11:29:00 GMT-0500 (Central Daylight Time),58056683.77811149
Wed Apr 28 2021 11:30:00 GMT-0500 (Central Daylight Time),53030888.198593765
Wed Apr 28 2021 11:31:00 GMT-0500 (Central Daylight Time),71478860.3625483
Wed Apr 28 2021 11:32:00 GMT-0500 (Central Daylight Time),53156274.05401804
Wed Apr 28 2021 11:33:00 GMT-0500 (Central Daylight Time),58679766.97958984
Wed Apr 28 2021 11:34:00 GMT-0500 (Central Daylight Time),83998648.88515265
Wed Apr 28 2021 11:35:00 GMT-0500 (Central Daylight Time),82995097.86624712
Wed Apr 28 2021 11:36:00 GMT-0500 (Central Daylight Time),73857798.76648796
Wed Apr 28 2021 11:37:00 GMT-0500 (Central Daylight Time),69946315.83687496
Wed Apr 28 2021 11:38:00 GMT-0500 (Central Daylight Time),57174291.06405139
Wed Apr 28 2021 11:39:00 GMT-0500 (Central Daylight Time),57281338.875546075
Wed Apr 28 2021 11:40:00 GMT-0500 (Central Daylight Time),81827053.02117245
Wed Apr 28 2021 11:41:00 GMT-0500 (Central Daylight Time),58825843.69148352
Wed Apr 28 2021 11:42:00 GMT-0500 (Central Daylight Time),81043684.47576028
Wed Apr 28 2021 11:43:00 GMT-0500 (Central Daylight Time),82550846.61022228
Wed Apr 28 2021 11:44:00 GMT-0500 (Central Daylight Time),76313441.74663644
Wed Apr 28 2021 11:45:00 GMT-0500 (Central Daylight Time),95921140.22742975
Wed Apr 28 2021 11:46:00 GMT-0500 (Central Daylight Time),75241631.3089862
Wed Apr 28 2021 11:47:00 GMT-0500 (Central Daylight Time),80849583.48445983
Wed Apr 28 2021 11:48:00 GMT-0500 (Central Daylight Time),82504462.31342316
Wed Apr 28 2021 11:49:00 GMT-0500 (Central Daylight Time),107212935.93249293
Wed Apr 28 2021 11:50:00 GMT-0500 (Central Daylight Time),94619361.83808072
Wed Apr 28 2021 11:51:00 GMT-0500 (Central Daylight Time),77006003.02184905
Wed Apr 28 2021 11:52:00 GMT-0500 (Central Daylight Time),100349459.75687914
Wed Apr 28 2021 11:53:00 GMT-0500 (Central Daylight Time),84554669.9452359
Wed Apr 28 2021 11:54:00 GMT-0500 (Central Daylight Time),89986622.93828218
Wed Apr 28 2021 11:55:00 GMT-0500 (Central Daylight Time),75109300.93199252
Wed Apr 28 2021 11:56:00 GMT-0500 (Central Daylight Time),54974168.571513854
Wed Apr 28 2021 11:57:00 GMT-0500 (Central Daylight Time),58982645.48555541
Wed Apr 28 2021 11:58:00 GMT-0500 (Central Daylight Time),69970340.1001917
Wed Apr 28 2021 11:59:00 GMT-0500 (Central Daylight Time),63737858.37981057
Wed Apr 28 2021 12:00:00 GMT-0500 (Central Daylight Time),84324445.88687958
Wed Apr 28 2021 12:01:00 GMT-0500 (Central Daylight Time),53745582.163873106
Wed Apr 28 2021 12:02:00 GMT-0500 (Central Daylight Time),69508607.49197398
Wed Apr 28 2021 12:03:00 GMT-0500 (Central Daylight Time),44927242.001342624
Wed Apr 28 2021 12:04:00 GMT-0500 (Central Daylight Time),78718930.92167237
Wed Apr 28 2021 12:05:00 GMT-0500 (Central Daylight Time),70526986.57480317
Wed Apr 28 2021 12:06:00 GMT-0500 (Central Daylight Time),67759052.61575547
Wed Apr 28 2021 12:07:00 GMT-0500 (Central Daylight Time),71598374.94108039
Wed Apr 28 2021 12:08:00 GMT-0500 (Central Daylight Time),88728998.93492417
Wed Apr 28 2021 12:09:00 GMT-0500 (Central Daylight Time),69664019.86725987
Wed Apr 28 2021 12:10:00 GMT-0500 (Central Daylight Time),67986860.85866697
Wed Apr 28 2021 12:11:00 GMT-0500 (Central Daylight Time),82082019.66528682
Wed Apr 28 2021 12:12:00 GMT-0500 (Central Daylight Time),77061840.21250069
Wed Apr 28 2021 12:13:00 GMT-0500 (Central Daylight Time),64601662.697057605
Wed Apr 28 2021 12:14:00 GMT-0500 (Central Daylight Time),62888416.03554903
Wed Apr 28 2021 12:15:00 GMT-0500 (Central Daylight Time),66990683.00901917
Wed Apr 28 2021 12:16:00 GMT-0500 (Central Daylight Time),73825547.78874461
Wed Apr 28 2021 12:17:00 GMT-0500 (Central Daylight Time),70889675.46268174
Wed Apr 28 2021 12:18:00 GMT-0500 (Central Daylight Time),79579812.70994756
Wed Apr 28 2021 12:19:00 GMT-0500 (Central Daylight Time),69239544.85625431
Wed Apr 28 2021 12:20:00 GMT-0500 (Central Daylight Time),53200562.6167308
Wed Apr 28 2021 12:21:00 GMT-0500 (Central Daylight Time),73150635.6981039
Wed Apr 28 2021 12:22:00 GMT-0500 (Central Daylight Time),75884507.70193824
Wed Apr 28 2021 12:23:00 GMT-0500 (Central Daylight Time),56864278.00124324
Wed Apr 28 2021 12:24:00 GMT-0500 (Central Daylight Time),77219351.79368927
Wed Apr 28 2021 12:25:00 GMT-0500 (Central Daylight Time),73017893.56631528
Wed Apr 28 2021 12:26:00 GMT-0500 (Central Daylight Time),50709126.11675312
Wed Apr 28 2021 12:27:00 GMT-0500 (Central Daylight Time),75625225.57666913
Wed Apr 28 2021 12:28:00 GMT-0500 (Central Daylight Time),88587323.42511746
Wed Apr 28 2021 12:29:00 GMT-0500 (Central Daylight Time),64955773.39765517
Wed Apr 28 2021 12:30:00 GMT-0500 (Central Daylight Time),67877417.20091836
Wed Apr 28 2021 12:31:00 GMT-0500 (Central Daylight Time),63723376.66921546
Wed Apr 28 2021 12:32:00 GMT-0500 (Central Daylight Time),66300198.00995984
Wed Apr 28 2021 12:33:00 GMT-0500 (Central Daylight Time),78861251.99082918
Wed Apr 28 2021 12:34:00 GMT-0500 (Central Daylight Time),93906762.45813107
Wed Apr 28 2021 12:35:00 GMT-0500 (Central Daylight Time),64197230.77832512
Wed Apr 28 2021 12:36:00 GMT-0500 (Central Daylight Time),71908228.13328888
Wed Apr 28 2021 12:37:00 GMT-0500 (Central Daylight Time),82136062.69163926