Time,function/user_memory_bytes.cloud_function.ALIGN_PERCENTILE_99.REDUCE_MEAN.metric.type="cloudfunctions.googleapis.com/function/user_memory_bytes" 
            AND resource.type="cloud_function" 
            AND resource.labels.function_name="function-test" 
            AND resource.labels.region="us-central1".project_id:stately-vector-311213
Tue Apr 27 2021 18:00:00 GMT-0500 (Central Daylight Time),386749384.2456512
Tue Apr 27 2021 18:01:00 GMT-0500 (Central Daylight Time),386755342.333174
Tue Apr 27 2021 18:02:00 GMT-0500 (Central Daylight Time),386770773.3338717
Tue Apr 27 2021 18:03:00 GMT-0500 (Central Daylight Time),386762155.34747094
Tue Apr 27 2021 18:04:00 GMT-0500 (Central Daylight Time),386801613.1822679
Tue Apr 27 2021 18:05:00 GMT-0500 (Central Daylight Time),386683793.98030484
Tue Apr 27 2021 18:06:00 GMT-0500 (Central Daylight Time),386755256.77575874
Tue Apr 27 2021 18:07:00 GMT-0500 (Central Daylight Time),386691462.75991845
Tue Apr 27 2021 18:08:00 GMT-0500 (Central Daylight Time),386209915.24733335
Tue Apr 27 2021 18:09:00 GMT-0500 (Central Daylight Time),386303483.82867473
Tue Apr 27 2021 18:10:00 GMT-0500 (Central Daylight Time),376544334.8207644
Tue Apr 27 2021 18:11:00 GMT-0500 (Central Daylight Time),381831215.88297844
Tue Apr 27 2021 18:12:00 GMT-0500 (Central Daylight Time),386557487.9966005
Tue Apr 27 2021 18:13:00 GMT-0500 (Central Daylight Time),386873571.84413075
Tue Apr 27 2021 18:14:00 GMT-0500 (Central Daylight Time),386825487.0963067
Tue Apr 27 2021 18:15:00 GMT-0500 (Central Daylight Time),386839411.58671963
Tue Apr 27 2021 18:16:00 GMT-0500 (Central Daylight Time),386610508.3567706
Tue Apr 27 2021 18:17:00 GMT-0500 (Central Daylight Time),385468796.095898
Tue Apr 27 2021 18:18:00 GMT-0500 (Central Daylight Time),386486141.28742325
Tue Apr 27 2021 18:19:00 GMT-0500 (Central Daylight Time),385542707.9173674
Tue Apr 27 2021 18:20:00 GMT-0500 (Central Daylight Time),386781249.2012693
Tue Apr 27 2021 18:21:00 GMT-0500 (Central Daylight Time),386815324.6169029
Tue Apr 27 2021 18:22:00 GMT-0500 (Central Daylight Time),386946517.11637956
Tue Apr 27 2021 18:23:00 GMT-0500 (Central Daylight Time),386487608.3548976
Tue Apr 27 2021 18:24:00 GMT-0500 (Central Daylight Time),386630527.70964086
Tue Apr 27 2021 18:25:00 GMT-0500 (Central Daylight Time),387250974.6837523
Tue Apr 27 2021 18:26:00 GMT-0500 (Central Daylight Time),387327467.12180626
Tue Apr 27 2021 18:27:00 GMT-0500 (Central Daylight Time),387161574.80801845
Tue Apr 27 2021 18:28:00 GMT-0500 (Central Daylight Time),386953474.94568133
Tue Apr 27 2021 18:29:00 GMT-0500 (Central Daylight Time),369041277.4581037
Tue Apr 27 2021 18:30:00 GMT-0500 (Central Daylight Time),386917851.2901421
Tue Apr 27 2021 18:31:00 GMT-0500 (Central Daylight Time),386418730.7472061
Tue Apr 27 2021 18:32:00 GMT-0500 (Central Daylight Time),387279189.95230216
Tue Apr 27 2021 18:33:00 GMT-0500 (Central Daylight Time),386917025.1561291
Tue Apr 27 2021 18:34:00 GMT-0500 (Central Daylight Time),386938895.1660373
Tue Apr 27 2021 18:35:00 GMT-0500 (Central Daylight Time),387035842.44313717
Tue Apr 27 2021 18:36:00 GMT-0500 (Central Daylight Time),387054298.37289774
Tue Apr 27 2021 18:37:00 GMT-0500 (Central Daylight Time),386802254.5944681
Tue Apr 27 2021 18:38:00 GMT-0500 (Central Daylight Time),385953546.36345977
Tue Apr 27 2021 18:39:00 GMT-0500 (Central Daylight Time),385700897.87236005
Tue Apr 27 2021 18:40:00 GMT-0500 (Central Daylight Time),385750216.4639962
Tue Apr 27 2021 18:41:00 GMT-0500 (Central Daylight Time),386530337.8210649
Tue Apr 27 2021 18:42:00 GMT-0500 (Central Daylight Time),386258828.8142451
Tue Apr 27 2021 18:43:00 GMT-0500 (Central Daylight Time),386267400.61394733
Tue Apr 27 2021 18:44:00 GMT-0500 (Central Daylight Time),386333139.16557163
Tue Apr 27 2021 18:45:00 GMT-0500 (Central Daylight Time),385763493.4807808
Tue Apr 27 2021 18:46:00 GMT-0500 (Central Daylight Time),386516135.8212723
Tue Apr 27 2021 18:47:00 GMT-0500 (Central Daylight Time),386106336.13033295
Tue Apr 27 2021 18:48:00 GMT-0500 (Central Daylight Time),386216321.4851579
Tue Apr 27 2021 18:49:00 GMT-0500 (Central Daylight Time),386755099.95903677
Tue Apr 27 2021 18:50:00 GMT-0500 (Central Daylight Time),386602132.0873055
Tue Apr 27 2021 18:51:00 GMT-0500 (Central Daylight Time),369089816.236666
Tue Apr 27 2021 18:52:00 GMT-0500 (Central Daylight Time),369086351.89015627
Tue Apr 27 2021 18:53:00 GMT-0500 (Central Daylight Time),369107052.2402044
Tue Apr 27 2021 18:54:00 GMT-0500 (Central Daylight Time),374106147.2316012
Tue Apr 27 2021 18:55:00 GMT-0500 (Central Daylight Time),386831908.0862288
Tue Apr 27 2021 18:56:00 GMT-0500 (Central Daylight Time),386636283.8968135
Tue Apr 27 2021 18:57:00 GMT-0500 (Central Daylight Time),369135691.9839513
Tue Apr 27 2021 18:58:00 GMT-0500 (Central Daylight Time),369143335.7562627
Tue Apr 27 2021 18:59:00 GMT-0500 (Central Daylight Time),369267098.85387725
Tue Apr 27 2021 19:00:00 GMT-0500 (Central Daylight Time),369266302.92665625
Tue Apr 27 2021 19:01:00 GMT-0500 (Central Daylight Time),369117852.0041347
Tue Apr 27 2021 19:02:00 GMT-0500 (Central Daylight Time),369332867.6222248
Tue Apr 27 2021 19:03:00 GMT-0500 (Central Daylight Time),383113195.58935636
Tue Apr 27 2021 19:04:00 GMT-0500 (Central Daylight Time),383245617.69792867
Tue Apr 27 2021 19:05:00 GMT-0500 (Central Daylight Time),385563143.46341
Tue Apr 27 2021 19:06:00 GMT-0500 (Central Daylight Time),382834504.3488395
Tue Apr 27 2021 19:07:00 GMT-0500 (Central Daylight Time),369063427.5880882
Tue Apr 27 2021 19:08:00 GMT-0500 (Central Daylight Time),369076429.1135967
Tue Apr 27 2021 19:09:00 GMT-0500 (Central Daylight Time),369107463.40200824
Tue Apr 27 2021 19:10:00 GMT-0500 (Central Daylight Time),369084914.3352594
Tue Apr 27 2021 19:11:00 GMT-0500 (Central Daylight Time),369022510.92618513
Tue Apr 27 2021 19:12:00 GMT-0500 (Central Daylight Time),369053028.4572427
Tue Apr 27 2021 19:13:00 GMT-0500 (Central Daylight Time),369045296.2781055
Tue Apr 27 2021 19:14:00 GMT-0500 (Central Daylight Time),369035513.2971544
Tue Apr 27 2021 19:15:00 GMT-0500 (Central Daylight Time),369038850.92060685
Tue Apr 27 2021 19:16:00 GMT-0500 (Central Daylight Time),369069239.3714873
Tue Apr 27 2021 19:17:00 GMT-0500 (Central Daylight Time),369049078.1901133
Tue Apr 27 2021 19:18:00 GMT-0500 (Central Daylight Time),369045996.1703173
Tue Apr 27 2021 19:19:00 GMT-0500 (Central Daylight Time),369097792.3789414
Tue Apr 27 2021 19:20:00 GMT-0500 (Central Daylight Time),369112595.14354277
Tue Apr 27 2021 19:21:00 GMT-0500 (Central Daylight Time),369122089.50355124
Tue Apr 27 2021 19:22:00 GMT-0500 (Central Daylight Time),369115502.7142732
Tue Apr 27 2021 19:23:00 GMT-0500 (Central Daylight Time),369121608.0857012
Tue Apr 27 2021 19:24:00 GMT-0500 (Central Daylight Time),369080206.1378033
Tue Apr 27 2021 19:25:00 GMT-0500 (Central Daylight Time),369106921.23017913
Tue Apr 27 2021 19:26:00 GMT-0500 (Central Daylight Time),381612708.5244619
Tue Apr 27 2021 19:27:00 GMT-0500 (Central Daylight Time),369242475.00281405
Tue Apr 27 2021 19:28:00 GMT-0500 (Central Daylight Time),369157584.31591713
Tue Apr 27 2021 19:29:00 GMT-0500 (Central Daylight Time),369157664.0769661
Tue Apr 27 2021 19:30:00 GMT-0500 (Central Daylight Time),369157664.0769661
Tue Apr 27 2021 19:31:00 GMT-0500 (Central Daylight Time),369154670.08108395
Tue Apr 27 2021 19:32:00 GMT-0500 (Central Daylight Time),369116734.8236676
Tue Apr 27 2021 19:33:00 GMT-0500 (Central Daylight Time),369115334.3681045
Tue Apr 27 2021 19:34:00 GMT-0500 (Central Daylight Time),369114852.8586828
Tue Apr 27 2021 19:35:00 GMT-0500 (Central Daylight Time),369153659.96055925
Tue Apr 27 2021 19:36:00 GMT-0500 (Central Daylight Time),369145606.3595278
Tue Apr 27 2021 19:37:00 GMT-0500 (Central Daylight Time),369124880.2406902
Tue Apr 27 2021 19:38:00 GMT-0500 (Central Daylight Time),369116328.4485617
Tue Apr 27 2021 19:39:00 GMT-0500 (Central Daylight Time),369110865.222877
Tue Apr 27 2021 19:40:00 GMT-0500 (Central Daylight Time),369120592.4561207
Tue Apr 27 2021 19:41:00 GMT-0500 (Central Daylight Time),369113175.3019775
Tue Apr 27 2021 19:42:00 GMT-0500 (Central Daylight Time),369134590.03494096
Tue Apr 27 2021 19:43:00 GMT-0500 (Central Daylight Time),369040937.60111225
Tue Apr 27 2021 19:44:00 GMT-0500 (Central Daylight Time),369127179.4040552
Tue Apr 27 2021 19:45:00 GMT-0500 (Central Daylight Time),369146633.5425605
Tue Apr 27 2021 19:46:00 GMT-0500 (Central Daylight Time),369129871.7825744
Tue Apr 27 2021 19:47:00 GMT-0500 (Central Daylight Time),376229072.91085297
Tue Apr 27 2021 19:48:00 GMT-0500 (Central Daylight Time),383763718.38311327
Tue Apr 27 2021 19:49:00 GMT-0500 (Central Daylight Time),369157053.75962794
Tue Apr 27 2021 19:50:00 GMT-0500 (Central Daylight Time),369227931.7104918
Tue Apr 27 2021 19:51:00 GMT-0500 (Central Daylight Time),376191285.8310696
Tue Apr 27 2021 19:52:00 GMT-0500 (Central Daylight Time),369135297.60499346
Tue Apr 27 2021 19:53:00 GMT-0500 (Central Daylight Time),369127003.84444153
Tue Apr 27 2021 19:54:00 GMT-0500 (Central Daylight Time),369122145.37818253
Tue Apr 27 2021 19:55:00 GMT-0500 (Central Daylight Time),369142223.277737
Tue Apr 27 2021 19:56:00 GMT-0500 (Central Daylight Time),369146956.7760483
Tue Apr 27 2021 19:57:00 GMT-0500 (Central Daylight Time),369157664.0769661
Tue Apr 27 2021 19:58:00 GMT-0500 (Central Daylight Time),369157664.0769661
Tue Apr 27 2021 19:59:00 GMT-0500 (Central Daylight Time),369157664.0769661
Tue Apr 27 2021 20:00:00 GMT-0500 (Central Daylight Time),379294517.8123341
Tue Apr 27 2021 20:01:00 GMT-0500 (Central Daylight Time),383395988.7772365
Tue Apr 27 2021 20:02:00 GMT-0500 (Central Daylight Time),369296730.2967606
Tue Apr 27 2021 20:03:00 GMT-0500 (Central Daylight Time),374566354.1807727
Tue Apr 27 2021 20:04:00 GMT-0500 (Central Daylight Time),369136245.3393076
Tue Apr 27 2021 20:05:00 GMT-0500 (Central Daylight Time),369285546.5770747
Tue Apr 27 2021 20:06:00 GMT-0500 (Central Daylight Time),369151266.90162104
Tue Apr 27 2021 20:07:00 GMT-0500 (Central Daylight Time),369258797.0612478
Tue Apr 27 2021 20:08:00 GMT-0500 (Central Daylight Time),384282169.42915666
Tue Apr 27 2021 20:09:00 GMT-0500 (Central Daylight Time),385563047.58058566
Tue Apr 27 2021 20:10:00 GMT-0500 (Central Daylight Time),386988077.4004272
Tue Apr 27 2021 20:11:00 GMT-0500 (Central Daylight Time),386988691.3255838
Tue Apr 27 2021 20:12:00 GMT-0500 (Central Daylight Time),386675307.3252218
Tue Apr 27 2021 20:13:00 GMT-0500 (Central Daylight Time),369278641.5013503
Tue Apr 27 2021 20:14:00 GMT-0500 (Central Daylight Time),384133046.03338397
Tue Apr 27 2021 20:15:00 GMT-0500 (Central Daylight Time),380277351.56377226
Tue Apr 27 2021 20:16:00 GMT-0500 (Central Daylight Time),369155862.9667733
Tue Apr 27 2021 20:17:00 GMT-0500 (Central Daylight Time),369155591.1308458
Tue Apr 27 2021 20:18:00 GMT-0500 (Central Daylight Time),369242021.9635862
Tue Apr 27 2021 20:19:00 GMT-0500 (Central Daylight Time),376604791.2033402
Tue Apr 27 2021 20:20:00 GMT-0500 (Central Daylight Time),377933873.4877398
Tue Apr 27 2021 20:21:00 GMT-0500 (Central Daylight Time),384291893.8739704
Tue Apr 27 2021 20:22:00 GMT-0500 (Central Daylight Time),369170893.21701527
Tue Apr 27 2021 20:23:00 GMT-0500 (Central Daylight Time),369175976.1354803
Tue Apr 27 2021 20:24:00 GMT-0500 (Central Daylight Time),369195074.5744742
Tue Apr 27 2021 20:25:00 GMT-0500 (Central Daylight Time),369178195.4116498
Tue Apr 27 2021 20:26:00 GMT-0500 (Central Daylight Time),369167685.04858154
Tue Apr 27 2021 20:27:00 GMT-0500 (Central Daylight Time),369159478.1463745
Tue Apr 27 2021 20:28:00 GMT-0500 (Central Daylight Time),369167555.81550825
Tue Apr 27 2021 20:29:00 GMT-0500 (Central Daylight Time),369173247.7705184
Tue Apr 27 2021 20:30:00 GMT-0500 (Central Daylight Time),373554927.9496959
Tue Apr 27 2021 20:31:00 GMT-0500 (Central Daylight Time),369168512.6042644
Tue Apr 27 2021 20:32:00 GMT-0500 (Central Daylight Time),369166640.89599156
Tue Apr 27 2021 20:33:00 GMT-0500 (Central Daylight Time),369327937.0145491
Tue Apr 27 2021 20:34:00 GMT-0500 (Central Daylight Time),385214353.9213172
Tue Apr 27 2021 20:35:00 GMT-0500 (Central Daylight Time),385300663.2956317
Tue Apr 27 2021 20:36:00 GMT-0500 (Central Daylight Time),385222024.13429344
Tue Apr 27 2021 20:37:00 GMT-0500 (Central Daylight Time),369157664.0769661
Tue Apr 27 2021 20:39:00 GMT-0500 (Central Daylight Time),381947143.11042696
Tue Apr 27 2021 20:40:00 GMT-0500 (Central Daylight Time),369208517.32782733
Tue Apr 27 2021 20:41:00 GMT-0500 (Central Daylight Time),369159744.12967
Tue Apr 27 2021 20:43:00 GMT-0500 (Central Daylight Time),385130613.87040067
Tue Apr 27 2021 20:44:00 GMT-0500 (Central Daylight Time),386361790.6878148
Tue Apr 27 2021 20:45:00 GMT-0500 (Central Daylight Time),385786830.1920551
Tue Apr 27 2021 20:46:00 GMT-0500 (Central Daylight Time),385726609.3243041
Tue Apr 27 2021 20:47:00 GMT-0500 (Central Daylight Time),385622273.9159803
Tue Apr 27 2021 20:48:00 GMT-0500 (Central Daylight Time),369157664.0769661
Tue Apr 27 2021 20:49:00 GMT-0500 (Central Daylight Time),373878141.3243604
Tue Apr 27 2021 20:50:00 GMT-0500 (Central Daylight Time),381160035.2430669
Tue Apr 27 2021 20:52:00 GMT-0500 (Central Daylight Time),384308571.46023095
Tue Apr 27 2021 20:53:00 GMT-0500 (Central Daylight Time),385270039.4926862
Tue Apr 27 2021 20:54:00 GMT-0500 (Central Daylight Time),369157664.0769661
Tue Apr 27 2021 20:55:00 GMT-0500 (Central Daylight Time),369264442.10757375
Tue Apr 27 2021 20:56:00 GMT-0500 (Central Daylight Time),385153444.16058457
Tue Apr 27 2021 20:57:00 GMT-0500 (Central Daylight Time),386838774.3652959
Tue Apr 27 2021 20:58:00 GMT-0500 (Central Daylight Time),386987680.26759154
Tue Apr 27 2021 20:59:00 GMT-0500 (Central Daylight Time),386788839.58303005
Tue Apr 27 2021 21:00:00 GMT-0500 (Central Daylight Time),372241607.3308717
Tue Apr 27 2021 21:01:00 GMT-0500 (Central Daylight Time),369190722.59135437
Tue Apr 27 2021 21:02:00 GMT-0500 (Central Daylight Time),369171250.3273112
Tue Apr 27 2021 21:04:00 GMT-0500 (Central Daylight Time),380438349.2894522
Tue Apr 27 2021 21:05:00 GMT-0500 (Central Daylight Time),379767776.0780091
Tue Apr 27 2021 21:06:00 GMT-0500 (Central Daylight Time),369115082.55333036
Tue Apr 27 2021 21:08:00 GMT-0500 (Central Daylight Time),387533086.01936626
Tue Apr 27 2021 21:09:00 GMT-0500 (Central Daylight Time),369300483.6811688
Tue Apr 27 2021 21:11:00 GMT-0500 (Central Daylight Time),369579759.54804045
Tue Apr 27 2021 21:12:00 GMT-0500 (Central Daylight Time),380794012.5273394
Tue Apr 27 2021 21:13:00 GMT-0500 (Central Daylight Time),385486247.76037693
Tue Apr 27 2021 21:14:00 GMT-0500 (Central Daylight Time),385640057.8370136
Tue Apr 27 2021 21:15:00 GMT-0500 (Central Daylight Time),386705475.56545746
Tue Apr 27 2021 21:16:00 GMT-0500 (Central Daylight Time),386615988.24764276
Tue Apr 27 2021 21:17:00 GMT-0500 (Central Daylight Time),386628283.9556175
Tue Apr 27 2021 21:19:00 GMT-0500 (Central Daylight Time),384981219.29616386
Tue Apr 27 2021 21:20:00 GMT-0500 (Central Daylight Time),385563417.67865646
Tue Apr 27 2021 21:21:00 GMT-0500 (Central Daylight Time),385335602.53579074
Tue Apr 27 2021 21:22:00 GMT-0500 (Central Daylight Time),385765807.20554495
Tue Apr 27 2021 21:24:00 GMT-0500 (Central Daylight Time),385615283.7428906
Tue Apr 27 2021 21:25:00 GMT-0500 (Central Daylight Time),386137618.7111258
Tue Apr 27 2021 21:26:00 GMT-0500 (Central Daylight Time),386440807.45112085
Tue Apr 27 2021 21:27:00 GMT-0500 (Central Daylight Time),369157664.0769661
Tue Apr 27 2021 21:28:00 GMT-0500 (Central Daylight Time),384808422.02005905
Tue Apr 27 2021 21:29:00 GMT-0500 (Central Daylight Time),385281753.90048784
Tue Apr 27 2021 21:30:00 GMT-0500 (Central Daylight Time),384187844.8849071
Tue Apr 27 2021 21:31:00 GMT-0500 (Central Daylight Time),385424949.14692974
Tue Apr 27 2021 21:32:00 GMT-0500 (Central Daylight Time),385686667.489411
Tue Apr 27 2021 21:33:00 GMT-0500 (Central Daylight Time),384045323.08797854
Tue Apr 27 2021 21:34:00 GMT-0500 (Central Daylight Time),369224146.9427184
Tue Apr 27 2021 21:35:00 GMT-0500 (Central Daylight Time),385771228.7127692
Tue Apr 27 2021 21:36:00 GMT-0500 (Central Daylight Time),386472826.11401415
Tue Apr 27 2021 21:37:00 GMT-0500 (Central Daylight Time),386412961.2511838
Tue Apr 27 2021 21:38:00 GMT-0500 (Central Daylight Time),386182921.92866194
Tue Apr 27 2021 21:39:00 GMT-0500 (Central Daylight Time),386334689.98468775
Tue Apr 27 2021 21:40:00 GMT-0500 (Central Daylight Time),386474687.8136228
Tue Apr 27 2021 21:41:00 GMT-0500 (Central Daylight Time),386758165.8551949
Tue Apr 27 2021 21:42:00 GMT-0500 (Central Daylight Time),383012324.6753042
Tue Apr 27 2021 21:43:00 GMT-0500 (Central Daylight Time),385394289.8877908
Tue Apr 27 2021 21:45:00 GMT-0500 (Central Daylight Time),384654102.2211448
Tue Apr 27 2021 21:46:00 GMT-0500 (Central Daylight Time),369310758.4433572
Tue Apr 27 2021 21:47:00 GMT-0500 (Central Daylight Time),369189411.94549245
Tue Apr 27 2021 21:48:00 GMT-0500 (Central Daylight Time),384319533.5744806
Tue Apr 27 2021 21:49:00 GMT-0500 (Central Daylight Time),385768544.64909345
Tue Apr 27 2021 21:50:00 GMT-0500 (Central Daylight Time),385733276.174363
Tue Apr 27 2021 21:51:00 GMT-0500 (Central Daylight Time),369157664.0769661
Tue Apr 27 2021 21:52:00 GMT-0500 (Central Daylight Time),370972454.761194
Tue Apr 27 2021 21:53:00 GMT-0500 (Central Daylight Time),381410150.88933563
Tue Apr 27 2021 21:54:00 GMT-0500 (Central Daylight Time),385312246.4248578
Tue Apr 27 2021 21:55:00 GMT-0500 (Central Daylight Time),385911876.2456825
Tue Apr 27 2021 21:56:00 GMT-0500 (Central Daylight Time),385425516.9577734
Tue Apr 27 2021 21:57:00 GMT-0500 (Central Daylight Time),385566661.8523951
Tue Apr 27 2021 21:58:00 GMT-0500 (Central Daylight Time),385501811.20780593
Tue Apr 27 2021 21:59:00 GMT-0500 (Central Daylight Time),385470177.15079135
Tue Apr 27 2021 22:00:00 GMT-0500 (Central Daylight Time),385401123.1806986
Tue Apr 27 2021 22:01:00 GMT-0500 (Central Daylight Time),385341652.81443113
Tue Apr 27 2021 22:02:00 GMT-0500 (Central Daylight Time),385744248.76190275
Tue Apr 27 2021 22:03:00 GMT-0500 (Central Daylight Time),385512158.6164802
Tue Apr 27 2021 22:04:00 GMT-0500 (Central Daylight Time),386227651.64655906
Tue Apr 27 2021 22:05:00 GMT-0500 (Central Daylight Time),386233318.25021476
Tue Apr 27 2021 22:06:00 GMT-0500 (Central Daylight Time),386263047.48469746
Tue Apr 27 2021 22:07:00 GMT-0500 (Central Daylight Time),385876193.3217474
Tue Apr 27 2021 22:08:00 GMT-0500 (Central Daylight Time),385369356.07411546
Tue Apr 27 2021 22:09:00 GMT-0500 (Central Daylight Time),384579448.43404377
Tue Apr 27 2021 22:10:00 GMT-0500 (Central Daylight Time),385238490.2544932
Tue Apr 27 2021 22:11:00 GMT-0500 (Central Daylight Time),385287421.91747534
Tue Apr 27 2021 22:12:00 GMT-0500 (Central Daylight Time),385303792.91840345
Tue Apr 27 2021 22:13:00 GMT-0500 (Central Daylight Time),385471806.9671251
Tue Apr 27 2021 22:14:00 GMT-0500 (Central Daylight Time),384585528.0916273
Tue Apr 27 2021 22:15:00 GMT-0500 (Central Daylight Time),386205533.1246194
Tue Apr 27 2021 22:16:00 GMT-0500 (Central Daylight Time),385586300.150117
Tue Apr 27 2021 22:17:00 GMT-0500 (Central Daylight Time),385644806.6097151
Tue Apr 27 2021 22:18:00 GMT-0500 (Central Daylight Time),369110785.5549103
Tue Apr 27 2021 22:19:00 GMT-0500 (Central Daylight Time),384753613.23612064
Tue Apr 27 2021 22:20:00 GMT-0500 (Central Daylight Time),383920917.51567745
Tue Apr 27 2021 22:21:00 GMT-0500 (Central Daylight Time),385280547.7242373
Tue Apr 27 2021 22:22:00 GMT-0500 (Central Daylight Time),383502845.5033868
Tue Apr 27 2021 22:23:00 GMT-0500 (Central Daylight Time),369099039.7059836
Tue Apr 27 2021 22:24:00 GMT-0500 (Central Daylight Time),369149939.135083
Tue Apr 27 2021 22:25:00 GMT-0500 (Central Daylight Time),369125914.05240184
Tue Apr 27 2021 22:26:00 GMT-0500 (Central Daylight Time),369132671.5819683
Tue Apr 27 2021 22:27:00 GMT-0500 (Central Daylight Time),369109930.504399
Tue Apr 27 2021 22:28:00 GMT-0500 (Central Daylight Time),369127009.01988095
Tue Apr 27 2021 22:30:00 GMT-0500 (Central Daylight Time),369125807.52107793
Tue Apr 27 2021 22:31:00 GMT-0500 (Central Daylight Time),381764841.38768387
Tue Apr 27 2021 22:32:00 GMT-0500 (Central Daylight Time),384456139.73985285
Tue Apr 27 2021 22:33:00 GMT-0500 (Central Daylight Time),368981790.9640185
Tue Apr 27 2021 22:34:00 GMT-0500 (Central Daylight Time),369276135.5596507
Tue Apr 27 2021 22:35:00 GMT-0500 (Central Daylight Time),384740070.3340149
Tue Apr 27 2021 22:36:00 GMT-0500 (Central Daylight Time),385877708.73459363
Tue Apr 27 2021 22:37:00 GMT-0500 (Central Daylight Time),386151130.23763
Tue Apr 27 2021 22:39:00 GMT-0500 (Central Daylight Time),369129334.00078255
Tue Apr 27 2021 22:40:00 GMT-0500 (Central Daylight Time),383682901.7110699
Tue Apr 27 2021 22:41:00 GMT-0500 (Central Daylight Time),381677451.1070602
Tue Apr 27 2021 22:43:00 GMT-0500 (Central Daylight Time),369288715.1138943
Tue Apr 27 2021 22:44:00 GMT-0500 (Central Daylight Time),385168857.01828307
Tue Apr 27 2021 22:46:00 GMT-0500 (Central Daylight Time),381180620.65208244
Tue Apr 27 2021 22:47:00 GMT-0500 (Central Daylight Time),385238529.5945316
Tue Apr 27 2021 22:48:00 GMT-0500 (Central Daylight Time),385845944.37983465
Tue Apr 27 2021 22:49:00 GMT-0500 (Central Daylight Time),385743424.5712423
Tue Apr 27 2021 22:50:00 GMT-0500 (Central Daylight Time),385617721.4060283
Tue Apr 27 2021 22:51:00 GMT-0500 (Central Daylight Time),385467858.39731073
Tue Apr 27 2021 22:52:00 GMT-0500 (Central Daylight Time),385890582.78331697
Tue Apr 27 2021 22:53:00 GMT-0500 (Central Daylight Time),385925672.1342379
Tue Apr 27 2021 22:55:00 GMT-0500 (Central Daylight Time),386583608.9900672
Tue Apr 27 2021 22:56:00 GMT-0500 (Central Daylight Time),394084677.0723088
Tue Apr 27 2021 22:57:00 GMT-0500 (Central Daylight Time),401779869.8822379
Tue Apr 27 2021 22:58:00 GMT-0500 (Central Daylight Time),386930923.5015703
Tue Apr 27 2021 22:59:00 GMT-0500 (Central Daylight Time),386943636.0491494
Tue Apr 27 2021 23:00:00 GMT-0500 (Central Daylight Time),387175188.0633956
Tue Apr 27 2021 23:01:00 GMT-0500 (Central Daylight Time),386970805.5456337
Tue Apr 27 2021 23:02:00 GMT-0500 (Central Daylight Time),400023058.2192182
Tue Apr 27 2021 23:03:00 GMT-0500 (Central Daylight Time),401763636.9782116
Tue Apr 27 2021 23:05:00 GMT-0500 (Central Daylight Time),403933741.70443815
Tue Apr 27 2021 23:06:00 GMT-0500 (Central Daylight Time),401723704.42317855
Tue Apr 27 2021 23:07:00 GMT-0500 (Central Daylight Time),400470044.1363047
Tue Apr 27 2021 23:08:00 GMT-0500 (Central Daylight Time),400719762.91274047
Tue Apr 27 2021 23:09:00 GMT-0500 (Central Daylight Time),387437878.4108188
Tue Apr 27 2021 23:10:00 GMT-0500 (Central Daylight Time),386170837.14420956
Tue Apr 27 2021 23:11:00 GMT-0500 (Central Daylight Time),386148935.71861833
Tue Apr 27 2021 23:12:00 GMT-0500 (Central Daylight Time),385530648.2260486
Tue Apr 27 2021 23:13:00 GMT-0500 (Central Daylight Time),385563938.2741887
Tue Apr 27 2021 23:14:00 GMT-0500 (Central Daylight Time),386147591.5509985
Tue Apr 27 2021 23:15:00 GMT-0500 (Central Daylight Time),385932609.2281575
Tue Apr 27 2021 23:16:00 GMT-0500 (Central Daylight Time),385725371.71744716
Tue Apr 27 2021 23:17:00 GMT-0500 (Central Daylight Time),386157998.8572613
Tue Apr 27 2021 23:18:00 GMT-0500 (Central Daylight Time),386451207.655097
Tue Apr 27 2021 23:19:00 GMT-0500 (Central Daylight Time),386772503.3372287
Tue Apr 27 2021 23:20:00 GMT-0500 (Central Daylight Time),385464168.9699012
Tue Apr 27 2021 23:21:00 GMT-0500 (Central Daylight Time),385216115.89690536
Tue Apr 27 2021 23:22:00 GMT-0500 (Central Daylight Time),385648566.39714384
Tue Apr 27 2021 23:23:00 GMT-0500 (Central Daylight Time),385531170.2438011
Tue Apr 27 2021 23:24:00 GMT-0500 (Central Daylight Time),385062954.8553422
Tue Apr 27 2021 23:25:00 GMT-0500 (Central Daylight Time),386407518.83625567
Tue Apr 27 2021 23:26:00 GMT-0500 (Central Daylight Time),384098646.3190318
Tue Apr 27 2021 23:27:00 GMT-0500 (Central Daylight Time),383591851.9531993
Tue Apr 27 2021 23:28:00 GMT-0500 (Central Daylight Time),384952681.9196754
Tue Apr 27 2021 23:29:00 GMT-0500 (Central Daylight Time),384632234.303018
Tue Apr 27 2021 23:30:00 GMT-0500 (Central Daylight Time),385768879.5948648
Tue Apr 27 2021 23:31:00 GMT-0500 (Central Daylight Time),385900009.5097292
Tue Apr 27 2021 23:32:00 GMT-0500 (Central Daylight Time),385720168.28188896
Tue Apr 27 2021 23:33:00 GMT-0500 (Central Daylight Time),385866235.77749985
Tue Apr 27 2021 23:34:00 GMT-0500 (Central Daylight Time),385811520.62862337
Tue Apr 27 2021 23:35:00 GMT-0500 (Central Daylight Time),385500242.85146314
Tue Apr 27 2021 23:36:00 GMT-0500 (Central Daylight Time),384685126.2924017
Tue Apr 27 2021 23:37:00 GMT-0500 (Central Daylight Time),383154567.1675662
Tue Apr 27 2021 23:38:00 GMT-0500 (Central Daylight Time),381866734.87250245
Tue Apr 27 2021 23:39:00 GMT-0500 (Central Daylight Time),384937797.42522794
Tue Apr 27 2021 23:40:00 GMT-0500 (Central Daylight Time),384933208.5758923
Tue Apr 27 2021 23:41:00 GMT-0500 (Central Daylight Time),384860675.0775099
Tue Apr 27 2021 23:42:00 GMT-0500 (Central Daylight Time),385468570.7354761
Tue Apr 27 2021 23:43:00 GMT-0500 (Central Daylight Time),384989723.22023726
Tue Apr 27 2021 23:44:00 GMT-0500 (Central Daylight Time),377389329.02953434
Tue Apr 27 2021 23:45:00 GMT-0500 (Central Daylight Time),377508020.1965081
Tue Apr 27 2021 23:46:00 GMT-0500 (Central Daylight Time),381533480.55241317
Tue Apr 27 2021 23:47:00 GMT-0500 (Central Daylight Time),369248542.9118114
Tue Apr 27 2021 23:48:00 GMT-0500 (Central Daylight Time),369153328.97222465
Tue Apr 27 2021 23:49:00 GMT-0500 (Central Daylight Time),369151793.16813797
Tue Apr 27 2021 23:50:00 GMT-0500 (Central Daylight Time),369153270.850148
Tue Apr 27 2021 23:51:00 GMT-0500 (Central Daylight Time),369157664.0769661
Tue Apr 27 2021 23:52:00 GMT-0500 (Central Daylight Time),377891337.440616
Tue Apr 27 2021 23:53:00 GMT-0500 (Central Daylight Time),383071456.40057427
Tue Apr 27 2021 23:54:00 GMT-0500 (Central Daylight Time),382386636.70236796
Tue Apr 27 2021 23:55:00 GMT-0500 (Central Daylight Time),381649390.14159274
Tue Apr 27 2021 23:57:00 GMT-0500 (Central Daylight Time),369312033.41087824
Tue Apr 27 2021 23:58:00 GMT-0500 (Central Daylight Time),381475239.4140107
Tue Apr 27 2021 23:59:00 GMT-0500 (Central Daylight Time),385762962.21957123
Wed Apr 28 2021 00:00:00 GMT-0500 (Central Daylight Time),385952400.3140063
Wed Apr 28 2021 00:01:00 GMT-0500 (Central Daylight Time),385898360.35065943
Wed Apr 28 2021 00:02:00 GMT-0500 (Central Daylight Time),385706280.69025636
Wed Apr 28 2021 00:03:00 GMT-0500 (Central Daylight Time),385085343.6188762
Wed Apr 28 2021 00:04:00 GMT-0500 (Central Daylight Time),384996443.533389
Wed Apr 28 2021 00:05:00 GMT-0500 (Central Daylight Time),373057650.3565786
Wed Apr 28 2021 00:06:00 GMT-0500 (Central Daylight Time),369173565.4111811
Wed Apr 28 2021 00:07:00 GMT-0500 (Central Daylight Time),369142621.93901336
Wed Apr 28 2021 00:08:00 GMT-0500 (Central Daylight Time),369242481.00956184
Wed Apr 28 2021 00:09:00 GMT-0500 (Central Daylight Time),369234150.98737156
Wed Apr 28 2021 00:10:00 GMT-0500 (Central Daylight Time),375661451.7937675
Wed Apr 28 2021 00:11:00 GMT-0500 (Central Daylight Time),386288170.9856801
Wed Apr 28 2021 00:12:00 GMT-0500 (Central Daylight Time),386090486.99940133
Wed Apr 28 2021 00:13:00 GMT-0500 (Central Daylight Time),385874560.4921985
Wed Apr 28 2021 00:14:00 GMT-0500 (Central Daylight Time),386000608.25462526
Wed Apr 28 2021 00:15:00 GMT-0500 (Central Daylight Time),381491270.6764275
Wed Apr 28 2021 00:16:00 GMT-0500 (Central Daylight Time),383374436.3256673
Wed Apr 28 2021 00:17:00 GMT-0500 (Central Daylight Time),385368135.1020534
Wed Apr 28 2021 00:18:00 GMT-0500 (Central Daylight Time),384611552.3005318
Wed Apr 28 2021 00:19:00 GMT-0500 (Central Daylight Time),369227432.0453521
Wed Apr 28 2021 00:20:00 GMT-0500 (Central Daylight Time),373309376.0290012
Wed Apr 28 2021 00:21:00 GMT-0500 (Central Daylight Time),384985244.9631973
Wed Apr 28 2021 00:22:00 GMT-0500 (Central Daylight Time),385157295.02790517
Wed Apr 28 2021 00:23:00 GMT-0500 (Central Daylight Time),380641120.1947094
Wed Apr 28 2021 00:24:00 GMT-0500 (Central Daylight Time),369152454.53837276
Wed Apr 28 2021 00:25:00 GMT-0500 (Central Daylight Time),369142881.70524305
Wed Apr 28 2021 00:26:00 GMT-0500 (Central Daylight Time),369132466.0624171
Wed Apr 28 2021 00:27:00 GMT-0500 (Central Daylight Time),369130508.8494034
Wed Apr 28 2021 00:28:00 GMT-0500 (Central Daylight Time),369139122.52924883
Wed Apr 28 2021 00:29:00 GMT-0500 (Central Daylight Time),369138887.72194666
Wed Apr 28 2021 00:30:00 GMT-0500 (Central Daylight Time),383127882.86527807
Wed Apr 28 2021 00:31:00 GMT-0500 (Central Daylight Time),384295421.5102136
Wed Apr 28 2021 00:32:00 GMT-0500 (Central Daylight Time),382171637.7903341
Wed Apr 28 2021 00:33:00 GMT-0500 (Central Daylight Time),378737817.15545547
Wed Apr 28 2021 00:34:00 GMT-0500 (Central Daylight Time),385072222.96595514
Wed Apr 28 2021 00:35:00 GMT-0500 (Central Daylight Time),384501971.0514635
Wed Apr 28 2021 00:36:00 GMT-0500 (Central Daylight Time),383259789.8261144
Wed Apr 28 2021 00:37:00 GMT-0500 (Central Daylight Time),381259834.1051464
Wed Apr 28 2021 00:38:00 GMT-0500 (Central Daylight Time),381686010.1276797
Wed Apr 28 2021 00:39:00 GMT-0500 (Central Daylight Time),381255154.97654897
Wed Apr 28 2021 00:40:00 GMT-0500 (Central Daylight Time),381554886.5281771
Wed Apr 28 2021 00:41:00 GMT-0500 (Central Daylight Time),387011183.31086725
Wed Apr 28 2021 00:42:00 GMT-0500 (Central Daylight Time),384816263.5532893
Wed Apr 28 2021 00:43:00 GMT-0500 (Central Daylight Time),397293794.8118547
Wed Apr 28 2021 00:44:00 GMT-0500 (Central Daylight Time),400699899.5206997
Wed Apr 28 2021 00:45:00 GMT-0500 (Central Daylight Time),400489616.46626997
Wed Apr 28 2021 00:46:00 GMT-0500 (Central Daylight Time),400499643.32044435
Wed Apr 28 2021 00:47:00 GMT-0500 (Central Daylight Time),401468193.02213037
Wed Apr 28 2021 00:48:00 GMT-0500 (Central Daylight Time),401204530.54878676
Wed Apr 28 2021 00:49:00 GMT-0500 (Central Daylight Time),400671408.3807694
Wed Apr 28 2021 00:50:00 GMT-0500 (Central Daylight Time),400523647.6618051
Wed Apr 28 2021 00:51:00 GMT-0500 (Central Daylight Time),401053570.3186796
Wed Apr 28 2021 00:52:00 GMT-0500 (Central Daylight Time),400519771.6670852
Wed Apr 28 2021 00:53:00 GMT-0500 (Central Daylight Time),400670930.94598114
Wed Apr 28 2021 00:54:00 GMT-0500 (Central Daylight Time),387564776.5579664
Wed Apr 28 2021 00:55:00 GMT-0500 (Central Daylight Time),386736401.122521
Wed Apr 28 2021 00:56:00 GMT-0500 (Central Daylight Time),386756404.9610464
Wed Apr 28 2021 00:57:00 GMT-0500 (Central Daylight Time),386911785.0236803
Wed Apr 28 2021 00:58:00 GMT-0500 (Central Daylight Time),386988736.2078907
Wed Apr 28 2021 00:59:00 GMT-0500 (Central Daylight Time),387008828.0278927
Wed Apr 28 2021 01:00:00 GMT-0500 (Central Daylight Time),386993712.7360531
Wed Apr 28 2021 01:01:00 GMT-0500 (Central Daylight Time),387063995.0541536
Wed Apr 28 2021 01:02:00 GMT-0500 (Central Daylight Time),387087298.34655815
Wed Apr 28 2021 01:03:00 GMT-0500 (Central Daylight Time),387169589.8587387
Wed Apr 28 2021 01:04:00 GMT-0500 (Central Daylight Time),387161975.5077196
Wed Apr 28 2021 01:05:00 GMT-0500 (Central Daylight Time),387157969.409203
Wed Apr 28 2021 01:06:00 GMT-0500 (Central Daylight Time),387175349.1802506
Wed Apr 28 2021 01:07:00 GMT-0500 (Central Daylight Time),387100399.729162
Wed Apr 28 2021 01:08:00 GMT-0500 (Central Daylight Time),387137921.76489216
Wed Apr 28 2021 01:09:00 GMT-0500 (Central Daylight Time),387212648.71176463
Wed Apr 28 2021 01:10:00 GMT-0500 (Central Daylight Time),387299709.01821375
Wed Apr 28 2021 01:11:00 GMT-0500 (Central Daylight Time),387267886.85312194
Wed Apr 28 2021 01:12:00 GMT-0500 (Central Daylight Time),387223289.5930403
Wed Apr 28 2021 01:13:00 GMT-0500 (Central Daylight Time),387189636.4843594
Wed Apr 28 2021 01:14:00 GMT-0500 (Central Daylight Time),387102411.91383946
Wed Apr 28 2021 01:15:00 GMT-0500 (Central Daylight Time),387153634.7149556
Wed Apr 28 2021 01:16:00 GMT-0500 (Central Daylight Time),387224280.2129628
Wed Apr 28 2021 01:17:00 GMT-0500 (Central Daylight Time),387211462.9982271
Wed Apr 28 2021 01:18:00 GMT-0500 (Central Daylight Time),387175026.254292
Wed Apr 28 2021 01:19:00 GMT-0500 (Central Daylight Time),387137414.38667184
Wed Apr 28 2021 01:20:00 GMT-0500 (Central Daylight Time),387093987.9833567
Wed Apr 28 2021 01:21:00 GMT-0500 (Central Daylight Time),387101094.5138873
Wed Apr 28 2021 01:22:00 GMT-0500 (Central Daylight Time),387143199.24516356
Wed Apr 28 2021 01:23:00 GMT-0500 (Central Daylight Time),387149446.62664354
Wed Apr 28 2021 01:24:00 GMT-0500 (Central Daylight Time),387084489.1150051
Wed Apr 28 2021 01:25:00 GMT-0500 (Central Daylight Time),387112597.2063792
Wed Apr 28 2021 01:26:00 GMT-0500 (Central Daylight Time),387155587.06245106
Wed Apr 28 2021 01:27:00 GMT-0500 (Central Daylight Time),387143280.73047924
Wed Apr 28 2021 01:28:00 GMT-0500 (Central Daylight Time),387094734.5918763
Wed Apr 28 2021 01:29:00 GMT-0500 (Central Daylight Time),387186923.2460359
Wed Apr 28 2021 01:30:00 GMT-0500 (Central Daylight Time),387194306.63239664
Wed Apr 28 2021 01:31:00 GMT-0500 (Central Daylight Time),387209777.8595678
Wed Apr 28 2021 01:32:00 GMT-0500 (Central Daylight Time),387217978.25508606
Wed Apr 28 2021 01:33:00 GMT-0500 (Central Daylight Time),387213877.65071386
Wed Apr 28 2021 01:34:00 GMT-0500 (Central Daylight Time),387213896.5888474
Wed Apr 28 2021 01:35:00 GMT-0500 (Central Daylight Time),387224911.5337102
Wed Apr 28 2021 01:36:00 GMT-0500 (Central Daylight Time),387222043.7300301
Wed Apr 28 2021 01:37:00 GMT-0500 (Central Daylight Time),387258403.82525927
Wed Apr 28 2021 01:38:00 GMT-0500 (Central Daylight Time),387279150.75750417
Wed Apr 28 2021 01:39:00 GMT-0500 (Central Daylight Time),387236629.33276343
Wed Apr 28 2021 01:40:00 GMT-0500 (Central Daylight Time),387200266.4964966
Wed Apr 28 2021 01:41:00 GMT-0500 (Central Daylight Time),387164232.9812258
Wed Apr 28 2021 01:42:00 GMT-0500 (Central Daylight Time),387208617.19614875
Wed Apr 28 2021 01:43:00 GMT-0500 (Central Daylight Time),387202310.5109201
Wed Apr 28 2021 01:44:00 GMT-0500 (Central Daylight Time),387154280.330669
Wed Apr 28 2021 01:45:00 GMT-0500 (Central Daylight Time),387169279.48189086
Wed Apr 28 2021 01:46:00 GMT-0500 (Central Daylight Time),387271921.29344016
Wed Apr 28 2021 01:47:00 GMT-0500 (Central Daylight Time),387341597.75052077
Wed Apr 28 2021 01:48:00 GMT-0500 (Central Daylight Time),387374564.85277814
Wed Apr 28 2021 01:49:00 GMT-0500 (Central Daylight Time),387420990.16133374
Wed Apr 28 2021 01:50:00 GMT-0500 (Central Daylight Time),387399361.4883609
Wed Apr 28 2021 01:51:00 GMT-0500 (Central Daylight Time),387387058.87918884
Wed Apr 28 2021 01:52:00 GMT-0500 (Central Daylight Time),387394839.5696412
Wed Apr 28 2021 01:53:00 GMT-0500 (Central Daylight Time),387405428.1515137
Wed Apr 28 2021 01:54:00 GMT-0500 (Central Daylight Time),387407970.4854778
Wed Apr 28 2021 01:55:00 GMT-0500 (Central Daylight Time),387378663.5348967
Wed Apr 28 2021 01:56:00 GMT-0500 (Central Daylight Time),387394560.0106363
Wed Apr 28 2021 01:57:00 GMT-0500 (Central Daylight Time),387400117.440149
Wed Apr 28 2021 01:58:00 GMT-0500 (Central Daylight Time),387387855.0158118
Wed Apr 28 2021 01:59:00 GMT-0500 (Central Daylight Time),387366711.21048063
Wed Apr 28 2021 02:00:00 GMT-0500 (Central Daylight Time),387629917.4221319
Wed Apr 28 2021 02:01:00 GMT-0500 (Central Daylight Time),401517339.84918404
Wed Apr 28 2021 02:02:00 GMT-0500 (Central Daylight Time),400976256.8941702
Wed Apr 28 2021 02:03:00 GMT-0500 (Central Daylight Time),400650299.176798
Wed Apr 28 2021 02:04:00 GMT-0500 (Central Daylight Time),400954189.0950853
Wed Apr 28 2021 02:05:00 GMT-0500 (Central Daylight Time),400910065.0985114
Wed Apr 28 2021 02:06:00 GMT-0500 (Central Daylight Time),400594675.7949585
Wed Apr 28 2021 02:07:00 GMT-0500 (Central Daylight Time),401322399.64330417
Wed Apr 28 2021 02:08:00 GMT-0500 (Central Daylight Time),400985749.97133845
Wed Apr 28 2021 02:09:00 GMT-0500 (Central Daylight Time),401130434.4382919
Wed Apr 28 2021 02:10:00 GMT-0500 (Central Daylight Time),400878400.1165788
Wed Apr 28 2021 02:11:00 GMT-0500 (Central Daylight Time),401556224.7826446
Wed Apr 28 2021 02:12:00 GMT-0500 (Central Daylight Time),400582779.3764528
Wed Apr 28 2021 02:13:00 GMT-0500 (Central Daylight Time),403417131.25138044
Wed Apr 28 2021 02:14:00 GMT-0500 (Central Daylight Time),402937383.6344369
Wed Apr 28 2021 02:15:00 GMT-0500 (Central Daylight Time),387350740.42545104
Wed Apr 28 2021 02:16:00 GMT-0500 (Central Daylight Time),387032395.56540513
Wed Apr 28 2021 02:17:00 GMT-0500 (Central Daylight Time),387064647.2959896
Wed Apr 28 2021 02:18:00 GMT-0500 (Central Daylight Time),387075535.82986856
Wed Apr 28 2021 02:19:00 GMT-0500 (Central Daylight Time),387031336.8796328
Wed Apr 28 2021 02:20:00 GMT-0500 (Central Daylight Time),387073292.16383827
Wed Apr 28 2021 02:21:00 GMT-0500 (Central Daylight Time),387128129.74383795
Wed Apr 28 2021 02:22:00 GMT-0500 (Central Daylight Time),387154810.2705911
Wed Apr 28 2021 02:23:00 GMT-0500 (Central Daylight Time),387151717.3136322
Wed Apr 28 2021 02:24:00 GMT-0500 (Central Daylight Time),387089023.77453935
Wed Apr 28 2021 02:25:00 GMT-0500 (Central Daylight Time),387081146.9361059
Wed Apr 28 2021 02:26:00 GMT-0500 (Central Daylight Time),387213765.20418346
Wed Apr 28 2021 02:27:00 GMT-0500 (Central Daylight Time),387231086.9729147
Wed Apr 28 2021 02:28:00 GMT-0500 (Central Daylight Time),387148241.2637482
Wed Apr 28 2021 02:29:00 GMT-0500 (Central Daylight Time),387059791.0311126
Wed Apr 28 2021 02:30:00 GMT-0500 (Central Daylight Time),386918997.7991588
Wed Apr 28 2021 02:31:00 GMT-0500 (Central Daylight Time),386931484.7330401
Wed Apr 28 2021 02:32:00 GMT-0500 (Central Daylight Time),386950464.63706803
Wed Apr 28 2021 02:33:00 GMT-0500 (Central Daylight Time),386466055.1839593
Wed Apr 28 2021 02:34:00 GMT-0500 (Central Daylight Time),386215012.9864751
Wed Apr 28 2021 02:35:00 GMT-0500 (Central Daylight Time),386541519.00963753
Wed Apr 28 2021 02:36:00 GMT-0500 (Central Daylight Time),386658600.7188781
Wed Apr 28 2021 02:37:00 GMT-0500 (Central Daylight Time),386700987.6097595
Wed Apr 28 2021 02:38:00 GMT-0500 (Central Daylight Time),386752379.3261468
Wed Apr 28 2021 02:39:00 GMT-0500 (Central Daylight Time),386703203.6646378
Wed Apr 28 2021 02:40:00 GMT-0500 (Central Daylight Time),386538256.671511
Wed Apr 28 2021 02:41:00 GMT-0500 (Central Daylight Time),386453007.77903783
Wed Apr 28 2021 02:42:00 GMT-0500 (Central Daylight Time),386359500.0556744
Wed Apr 28 2021 02:43:00 GMT-0500 (Central Daylight Time),386225600.0850506
Wed Apr 28 2021 02:44:00 GMT-0500 (Central Daylight Time),386218458.30169487
Wed Apr 28 2021 02:45:00 GMT-0500 (Central Daylight Time),385664579.2408109
Wed Apr 28 2021 02:46:00 GMT-0500 (Central Daylight Time),386517760.3255098
Wed Apr 28 2021 02:47:00 GMT-0500 (Central Daylight Time),386839825.54280484
Wed Apr 28 2021 02:48:00 GMT-0500 (Central Daylight Time),387001757.7503771
Wed Apr 28 2021 02:49:00 GMT-0500 (Central Daylight Time),387087931.7881543
Wed Apr 28 2021 02:50:00 GMT-0500 (Central Daylight Time),387144277.1042402
Wed Apr 28 2021 02:51:00 GMT-0500 (Central Daylight Time),387167320.767748
Wed Apr 28 2021 02:52:00 GMT-0500 (Central Daylight Time),387208591.1204737
Wed Apr 28 2021 02:53:00 GMT-0500 (Central Daylight Time),387206217.7932734
Wed Apr 28 2021 02:54:00 GMT-0500 (Central Daylight Time),387236729.5844564
Wed Apr 28 2021 02:55:00 GMT-0500 (Central Daylight Time),387206135.4423937
Wed Apr 28 2021 02:56:00 GMT-0500 (Central Daylight Time),387220475.69378275
Wed Apr 28 2021 02:57:00 GMT-0500 (Central Daylight Time),387221345.98477626
Wed Apr 28 2021 02:58:00 GMT-0500 (Central Daylight Time),387232644.47937804
Wed Apr 28 2021 02:59:00 GMT-0500 (Central Daylight Time),387115674.73965234
Wed Apr 28 2021 03:00:00 GMT-0500 (Central Daylight Time),387078511.03562534
Wed Apr 28 2021 03:01:00 GMT-0500 (Central Daylight Time),386997968.6885061
Wed Apr 28 2021 03:02:00 GMT-0500 (Central Daylight Time),386904405.64681953
Wed Apr 28 2021 03:03:00 GMT-0500 (Central Daylight Time),386935124.20350546
Wed Apr 28 2021 03:04:00 GMT-0500 (Central Daylight Time),386950212.6469732
Wed Apr 28 2021 03:05:00 GMT-0500 (Central Daylight Time),386946943.62052274
Wed Apr 28 2021 03:06:00 GMT-0500 (Central Daylight Time),387025436.7784792
Wed Apr 28 2021 03:07:00 GMT-0500 (Central Daylight Time),386930846.1997583
Wed Apr 28 2021 03:08:00 GMT-0500 (Central Daylight Time),387124790.34202534
Wed Apr 28 2021 03:09:00 GMT-0500 (Central Daylight Time),386952647.0882745
Wed Apr 28 2021 03:10:00 GMT-0500 (Central Daylight Time),386858146.7135276
Wed Apr 28 2021 03:11:00 GMT-0500 (Central Daylight Time),386869260.78315884
Wed Apr 28 2021 03:12:00 GMT-0500 (Central Daylight Time),386906280.4636962
Wed Apr 28 2021 03:13:00 GMT-0500 (Central Daylight Time),386854083.2906805
Wed Apr 28 2021 03:14:00 GMT-0500 (Central Daylight Time),386868332.0557112
Wed Apr 28 2021 03:15:00 GMT-0500 (Central Daylight Time),386867284.35818195
Wed Apr 28 2021 03:16:00 GMT-0500 (Central Daylight Time),386860027.7297068
Wed Apr 28 2021 03:17:00 GMT-0500 (Central Daylight Time),386857532.02135414
Wed Apr 28 2021 03:18:00 GMT-0500 (Central Daylight Time),386864750.45524085
Wed Apr 28 2021 03:19:00 GMT-0500 (Central Daylight Time),386808527.2275301
Wed Apr 28 2021 03:20:00 GMT-0500 (Central Daylight Time),386695372.89023525
Wed Apr 28 2021 03:21:00 GMT-0500 (Central Daylight Time),386812855.11478907
Wed Apr 28 2021 03:22:00 GMT-0500 (Central Daylight Time),386810456.70038384
Wed Apr 28 2021 03:23:00 GMT-0500 (Central Daylight Time),386874553.2119658
Wed Apr 28 2021 03:24:00 GMT-0500 (Central Daylight Time),386824372.87727946
Wed Apr 28 2021 03:25:00 GMT-0500 (Central Daylight Time),386781307.7922551
Wed Apr 28 2021 03:26:00 GMT-0500 (Central Daylight Time),386812786.4961176
Wed Apr 28 2021 03:27:00 GMT-0500 (Central Daylight Time),386887412.5316396
Wed Apr 28 2021 03:28:00 GMT-0500 (Central Daylight Time),386972928.27011806
Wed Apr 28 2021 03:29:00 GMT-0500 (Central Daylight Time),386854605.684336
Wed Apr 28 2021 03:30:00 GMT-0500 (Central Daylight Time),386683908.8566528
Wed Apr 28 2021 03:31:00 GMT-0500 (Central Daylight Time),386704914.1338322
Wed Apr 28 2021 03:32:00 GMT-0500 (Central Daylight Time),386739935.07371795
Wed Apr 28 2021 03:33:00 GMT-0500 (Central Daylight Time),386548029.68167347
Wed Apr 28 2021 03:34:00 GMT-0500 (Central Daylight Time),386030821.3994828
Wed Apr 28 2021 03:35:00 GMT-0500 (Central Daylight Time),386273932.08246785
Wed Apr 28 2021 03:36:00 GMT-0500 (Central Daylight Time),386137162.6953733
Wed Apr 28 2021 03:37:00 GMT-0500 (Central Daylight Time),385807521.8813871
Wed Apr 28 2021 03:38:00 GMT-0500 (Central Daylight Time),386038592.8968884
Wed Apr 28 2021 03:39:00 GMT-0500 (Central Daylight Time),387055657.0405715
Wed Apr 28 2021 03:40:00 GMT-0500 (Central Daylight Time),387460405.8772415
Wed Apr 28 2021 03:41:00 GMT-0500 (Central Daylight Time),385688693.37896156
Wed Apr 28 2021 03:42:00 GMT-0500 (Central Daylight Time),385674069.53973955
Wed Apr 28 2021 03:43:00 GMT-0500 (Central Daylight Time),385137181.26529676
Wed Apr 28 2021 03:44:00 GMT-0500 (Central Daylight Time),385294548.4934862
Wed Apr 28 2021 03:45:00 GMT-0500 (Central Daylight Time),386113706.1899456
Wed Apr 28 2021 03:46:00 GMT-0500 (Central Daylight Time),386212900.36100197
Wed Apr 28 2021 03:47:00 GMT-0500 (Central Daylight Time),386496738.8243149
Wed Apr 28 2021 03:48:00 GMT-0500 (Central Daylight Time),386534271.8718171
Wed Apr 28 2021 03:49:00 GMT-0500 (Central Daylight Time),386683332.540611
Wed Apr 28 2021 03:50:00 GMT-0500 (Central Daylight Time),386730169.5902261
Wed Apr 28 2021 03:51:00 GMT-0500 (Central Daylight Time),386754367.85732645
Wed Apr 28 2021 03:52:00 GMT-0500 (Central Daylight Time),386937042.6028337
Wed Apr 28 2021 03:53:00 GMT-0500 (Central Daylight Time),386782779.5164788
Wed Apr 28 2021 03:54:00 GMT-0500 (Central Daylight Time),386553169.3202409
Wed Apr 28 2021 03:55:00 GMT-0500 (Central Daylight Time),386400330.7394569
Wed Apr 28 2021 03:56:00 GMT-0500 (Central Daylight Time),386512772.1158609
Wed Apr 28 2021 03:57:00 GMT-0500 (Central Daylight Time),386701760.985398
Wed Apr 28 2021 03:58:00 GMT-0500 (Central Daylight Time),386720933.41493213
Wed Apr 28 2021 03:59:00 GMT-0500 (Central Daylight Time),387076906.809339
Wed Apr 28 2021 04:00:00 GMT-0500 (Central Daylight Time),387206251.35491556
Wed Apr 28 2021 04:01:00 GMT-0500 (Central Daylight Time),387262983.9981141
Wed Apr 28 2021 04:02:00 GMT-0500 (Central Daylight Time),387182440.83244216
Wed Apr 28 2021 04:03:00 GMT-0500 (Central Daylight Time),387057019.48367465
Wed Apr 28 2021 04:04:00 GMT-0500 (Central Daylight Time),387182245.8345541
Wed Apr 28 2021 04:05:00 GMT-0500 (Central Daylight Time),387214052.1347952
Wed Apr 28 2021 04:06:00 GMT-0500 (Central Daylight Time),387177160.5817582
Wed Apr 28 2021 04:07:00 GMT-0500 (Central Daylight Time),387209653.35494435
Wed Apr 28 2021 04:08:00 GMT-0500 (Central Daylight Time),387143029.0560049
Wed Apr 28 2021 04:09:00 GMT-0500 (Central Daylight Time),387161792.7432704
Wed Apr 28 2021 04:10:00 GMT-0500 (Central Daylight Time),387278293.6758611
Wed Apr 28 2021 04:11:00 GMT-0500 (Central Daylight Time),387315568.4569215
Wed Apr 28 2021 04:12:00 GMT-0500 (Central Daylight Time),387336950.5144664
Wed Apr 28 2021 04:13:00 GMT-0500 (Central Daylight Time),387310793.1738527
Wed Apr 28 2021 04:14:00 GMT-0500 (Central Daylight Time),387283791.3439645
Wed Apr 28 2021 04:15:00 GMT-0500 (Central Daylight Time),387342455.49470055
Wed Apr 28 2021 04:16:00 GMT-0500 (Central Daylight Time),387327747.9308046
Wed Apr 28 2021 04:17:00 GMT-0500 (Central Daylight Time),387281678.96640354
Wed Apr 28 2021 04:18:00 GMT-0500 (Central Daylight Time),387224166.07619524
Wed Apr 28 2021 04:19:00 GMT-0500 (Central Daylight Time),387174683.29741377
Wed Apr 28 2021 04:20:00 GMT-0500 (Central Daylight Time),387130984.00705516
Wed Apr 28 2021 04:21:00 GMT-0500 (Central Daylight Time),387082557.5005198
Wed Apr 28 2021 04:22:00 GMT-0500 (Central Daylight Time),386981188.0501187
Wed Apr 28 2021 04:23:00 GMT-0500 (Central Daylight Time),387205190.9487656
Wed Apr 28 2021 04:24:00 GMT-0500 (Central Daylight Time),387090526.322487
Wed Apr 28 2021 04:25:00 GMT-0500 (Central Daylight Time),386886162.6346288
Wed Apr 28 2021 04:26:00 GMT-0500 (Central Daylight Time),386997182.5747309
Wed Apr 28 2021 04:27:00 GMT-0500 (Central Daylight Time),387069294.3536865
Wed Apr 28 2021 04:28:00 GMT-0500 (Central Daylight Time),387149394.9304388
Wed Apr 28 2021 04:29:00 GMT-0500 (Central Daylight Time),387049563.5294629
Wed Apr 28 2021 04:30:00 GMT-0500 (Central Daylight Time),387057143.80473036
Wed Apr 28 2021 04:31:00 GMT-0500 (Central Daylight Time),387191675.9461946
Wed Apr 28 2021 04:32:00 GMT-0500 (Central Daylight Time),387246563.7692941
Wed Apr 28 2021 04:33:00 GMT-0500 (Central Daylight Time),387290357.74349016
Wed Apr 28 2021 04:34:00 GMT-0500 (Central Daylight Time),387297230.6739411
Wed Apr 28 2021 04:35:00 GMT-0500 (Central Daylight Time),387244179.108803
Wed Apr 28 2021 04:36:00 GMT-0500 (Central Daylight Time),387161063.0315005
Wed Apr 28 2021 04:37:00 GMT-0500 (Central Daylight Time),387136645.2555214
Wed Apr 28 2021 04:38:00 GMT-0500 (Central Daylight Time),387206038.0542452
Wed Apr 28 2021 04:39:00 GMT-0500 (Central Daylight Time),387288938.75680554
Wed Apr 28 2021 04:40:00 GMT-0500 (Central Daylight Time),387297826.96356136
Wed Apr 28 2021 04:41:00 GMT-0500 (Central Daylight Time),387292233.10951453
Wed Apr 28 2021 04:42:00 GMT-0500 (Central Daylight Time),387286339.8004081
Wed Apr 28 2021 04:43:00 GMT-0500 (Central Daylight Time),387275349.59020185
Wed Apr 28 2021 04:44:00 GMT-0500 (Central Daylight Time),387226279.5579968
Wed Apr 28 2021 04:45:00 GMT-0500 (Central Daylight Time),387179990.0759791
Wed Apr 28 2021 04:46:00 GMT-0500 (Central Daylight Time),387128610.0214179
Wed Apr 28 2021 04:47:00 GMT-0500 (Central Daylight Time),387096339.8995679
Wed Apr 28 2021 04:48:00 GMT-0500 (Central Daylight Time),387009271.876538
Wed Apr 28 2021 04:49:00 GMT-0500 (Central Daylight Time),387005755.5951032
Wed Apr 28 2021 04:50:00 GMT-0500 (Central Daylight Time),386786329.0047425
Wed Apr 28 2021 04:51:00 GMT-0500 (Central Daylight Time),386783895.4402373
Wed Apr 28 2021 04:52:00 GMT-0500 (Central Daylight Time),386798408.8837483
Wed Apr 28 2021 04:53:00 GMT-0500 (Central Daylight Time),386766599.41914356
Wed Apr 28 2021 04:54:00 GMT-0500 (Central Daylight Time),386734303.60088027
Wed Apr 28 2021 04:55:00 GMT-0500 (Central Daylight Time),386736288.1767986
Wed Apr 28 2021 04:56:00 GMT-0500 (Central Daylight Time),386825592.601982
Wed Apr 28 2021 04:57:00 GMT-0500 (Central Daylight Time),386598224.05004287
Wed Apr 28 2021 04:58:00 GMT-0500 (Central Daylight Time),386430206.22321796
Wed Apr 28 2021 04:59:00 GMT-0500 (Central Daylight Time),386332622.43633276
Wed Apr 28 2021 05:00:00 GMT-0500 (Central Daylight Time),386580063.73902035
Wed Apr 28 2021 05:01:00 GMT-0500 (Central Daylight Time),386546108.24754286
Wed Apr 28 2021 05:02:00 GMT-0500 (Central Daylight Time),386577276.9718615
Wed Apr 28 2021 05:03:00 GMT-0500 (Central Daylight Time),386773841.15971404
Wed Apr 28 2021 05:04:00 GMT-0500 (Central Daylight Time),387017267.38069654
Wed Apr 28 2021 05:05:00 GMT-0500 (Central Daylight Time),386946946.3400883
Wed Apr 28 2021 05:06:00 GMT-0500 (Central Daylight Time),386779235.60976595
Wed Apr 28 2021 05:07:00 GMT-0500 (Central Daylight Time),386769085.6326161
Wed Apr 28 2021 05:08:00 GMT-0500 (Central Daylight Time),386828504.40249604
Wed Apr 28 2021 05:09:00 GMT-0500 (Central Daylight Time),386854942.9625007
Wed Apr 28 2021 05:10:00 GMT-0500 (Central Daylight Time),386986072.04654145
Wed Apr 28 2021 05:11:00 GMT-0500 (Central Daylight Time),387055301.7236361
Wed Apr 28 2021 05:12:00 GMT-0500 (Central Daylight Time),387050582.62032646
Wed Apr 28 2021 05:13:00 GMT-0500 (Central Daylight Time),386996652.28512233
Wed Apr 28 2021 05:14:00 GMT-0500 (Central Daylight Time),386346982.0302303
Wed Apr 28 2021 05:15:00 GMT-0500 (Central Daylight Time),386616246.8407253
Wed Apr 28 2021 05:16:00 GMT-0500 (Central Daylight Time),386402168.9564176
Wed Apr 28 2021 05:17:00 GMT-0500 (Central Daylight Time),386654203.97197
Wed Apr 28 2021 05:18:00 GMT-0500 (Central Daylight Time),385668489.5662429
Wed Apr 28 2021 05:19:00 GMT-0500 (Central Daylight Time),385580099.98064417
Wed Apr 28 2021 05:20:00 GMT-0500 (Central Daylight Time),385683874.2569401
Wed Apr 28 2021 05:21:00 GMT-0500 (Central Daylight Time),384924752.2213115
Wed Apr 28 2021 05:22:00 GMT-0500 (Central Daylight Time),385733266.17893887
Wed Apr 28 2021 05:23:00 GMT-0500 (Central Daylight Time),385662981.03071713
Wed Apr 28 2021 05:24:00 GMT-0500 (Central Daylight Time),385666145.58477837
Wed Apr 28 2021 05:25:00 GMT-0500 (Central Daylight Time),385858592.57867914
Wed Apr 28 2021 05:26:00 GMT-0500 (Central Daylight Time),385377749.5326824
Wed Apr 28 2021 05:27:00 GMT-0500 (Central Daylight Time),384602369.2409709
Wed Apr 28 2021 05:28:00 GMT-0500 (Central Daylight Time),384691297.06679994
Wed Apr 28 2021 05:29:00 GMT-0500 (Central Daylight Time),385425656.1300118
Wed Apr 28 2021 05:30:00 GMT-0500 (Central Daylight Time),385372213.0851594
Wed Apr 28 2021 05:31:00 GMT-0500 (Central Daylight Time),385685802.26323676
Wed Apr 28 2021 05:32:00 GMT-0500 (Central Daylight Time),385719399.1958929
Wed Apr 28 2021 05:33:00 GMT-0500 (Central Daylight Time),385994218.1994767
Wed Apr 28 2021 05:34:00 GMT-0500 (Central Daylight Time),386614622.787278
Wed Apr 28 2021 05:35:00 GMT-0500 (Central Daylight Time),386963646.9497603
Wed Apr 28 2021 05:36:00 GMT-0500 (Central Daylight Time),386911571.94041914
Wed Apr 28 2021 05:37:00 GMT-0500 (Central Daylight Time),386902966.3003602
Wed Apr 28 2021 05:38:00 GMT-0500 (Central Daylight Time),386894786.62123585
Wed Apr 28 2021 05:39:00 GMT-0500 (Central Daylight Time),386956057.7362152
Wed Apr 28 2021 05:40:00 GMT-0500 (Central Daylight Time),387038773.87435156
Wed Apr 28 2021 05:41:00 GMT-0500 (Central Daylight Time),387000575.4043739
Wed Apr 28 2021 05:42:00 GMT-0500 (Central Daylight Time),389077738.7545493
Wed Apr 28 2021 05:43:00 GMT-0500 (Central Daylight Time),400861084.2528108
Wed Apr 28 2021 05:44:00 GMT-0500 (Central Daylight Time),401225440.89691013
Wed Apr 28 2021 05:45:00 GMT-0500 (Central Daylight Time),400082939.95647436
Wed Apr 28 2021 05:46:00 GMT-0500 (Central Daylight Time),385715985.75614583
Wed Apr 28 2021 05:47:00 GMT-0500 (Central Daylight Time),385699397.0625086
Wed Apr 28 2021 05:48:00 GMT-0500 (Central Daylight Time),385754302.56711775
Wed Apr 28 2021 05:49:00 GMT-0500 (Central Daylight Time),386345884.6334286
Wed Apr 28 2021 05:50:00 GMT-0500 (Central Daylight Time),386575085.0391581
Wed Apr 28 2021 05:51:00 GMT-0500 (Central Daylight Time),386539920.4228657
Wed Apr 28 2021 05:52:00 GMT-0500 (Central Daylight Time),386553121.39545166
Wed Apr 28 2021 05:53:00 GMT-0500 (Central Daylight Time),386300197.5856051
Wed Apr 28 2021 05:54:00 GMT-0500 (Central Daylight Time),386356025.9949635
Wed Apr 28 2021 05:55:00 GMT-0500 (Central Daylight Time),386692146.77113616
Wed Apr 28 2021 05:56:00 GMT-0500 (Central Daylight Time),386743577.5676056
Wed Apr 28 2021 05:57:00 GMT-0500 (Central Daylight Time),386908481.98299396
Wed Apr 28 2021 05:58:00 GMT-0500 (Central Daylight Time),386933553.31585956
Wed Apr 28 2021 05:59:00 GMT-0500 (Central Daylight Time),386979550.0496092
Wed Apr 28 2021 06:00:00 GMT-0500 (Central Daylight Time),386997182.0813893
Wed Apr 28 2021 06:01:00 GMT-0500 (Central Daylight Time),386884822.5613756
Wed Apr 28 2021 06:02:00 GMT-0500 (Central Daylight Time),386937559.19280636
Wed Apr 28 2021 06:03:00 GMT-0500 (Central Daylight Time),386895679.7361574
Wed Apr 28 2021 06:04:00 GMT-0500 (Central Daylight Time),386697353.53265834
Wed Apr 28 2021 06:05:00 GMT-0500 (Central Daylight Time),386513449.9272374
Wed Apr 28 2021 06:06:00 GMT-0500 (Central Daylight Time),386184882.546804
Wed Apr 28 2021 06:07:00 GMT-0500 (Central Daylight Time),386198364.41155905
Wed Apr 28 2021 06:08:00 GMT-0500 (Central Daylight Time),386152640.2233512
Wed Apr 28 2021 06:09:00 GMT-0500 (Central Daylight Time),386166020.09720993
Wed Apr 28 2021 06:10:00 GMT-0500 (Central Daylight Time),386419008.58356553
Wed Apr 28 2021 06:11:00 GMT-0500 (Central Daylight Time),386487154.01995194
Wed Apr 28 2021 06:12:00 GMT-0500 (Central Daylight Time),386093638.39480764
Wed Apr 28 2021 06:13:00 GMT-0500 (Central Daylight Time),386497953.5903566
Wed Apr 28 2021 06:14:00 GMT-0500 (Central Daylight Time),386384385.60720766
Wed Apr 28 2021 06:15:00 GMT-0500 (Central Daylight Time),386435558.5508295
Wed Apr 28 2021 06:16:00 GMT-0500 (Central Daylight Time),386622180.8617005
Wed Apr 28 2021 06:17:00 GMT-0500 (Central Daylight Time),386988757.43665737
Wed Apr 28 2021 06:18:00 GMT-0500 (Central Daylight Time),387082259.1672598
Wed Apr 28 2021 06:19:00 GMT-0500 (Central Daylight Time),387157493.49560463
Wed Apr 28 2021 06:20:00 GMT-0500 (Central Daylight Time),387156065.1531482
Wed Apr 28 2021 06:21:00 GMT-0500 (Central Daylight Time),387103977.38604623
Wed Apr 28 2021 06:22:00 GMT-0500 (Central Daylight Time),387166944.59181184
Wed Apr 28 2021 06:23:00 GMT-0500 (Central Daylight Time),387230068.2038763
Wed Apr 28 2021 06:24:00 GMT-0500 (Central Daylight Time),387257462.48079777
Wed Apr 28 2021 06:25:00 GMT-0500 (Central Daylight Time),387282534.1660908
Wed Apr 28 2021 06:26:00 GMT-0500 (Central Daylight Time),401607915.31436825
Wed Apr 28 2021 06:27:00 GMT-0500 (Central Daylight Time),399669755.57022226
Wed Apr 28 2021 06:28:00 GMT-0500 (Central Daylight Time),399984948.63519734
Wed Apr 28 2021 06:29:00 GMT-0500 (Central Daylight Time),399724588.292854
Wed Apr 28 2021 06:30:00 GMT-0500 (Central Daylight Time),400412709.7526985
Wed Apr 28 2021 06:31:00 GMT-0500 (Central Daylight Time),400258641.35349077
Wed Apr 28 2021 06:32:00 GMT-0500 (Central Daylight Time),400310057.3949948
Wed Apr 28 2021 06:33:00 GMT-0500 (Central Daylight Time),400684678.30394894
Wed Apr 28 2021 06:34:00 GMT-0500 (Central Daylight Time),400924794.87853175
Wed Apr 28 2021 06:35:00 GMT-0500 (Central Daylight Time),387626785.3218826
Wed Apr 28 2021 06:36:00 GMT-0500 (Central Daylight Time),387166018.4742165
Wed Apr 28 2021 06:37:00 GMT-0500 (Central Daylight Time),387217415.3314741
Wed Apr 28 2021 06:38:00 GMT-0500 (Central Daylight Time),387273350.3956695
Wed Apr 28 2021 06:39:00 GMT-0500 (Central Daylight Time),387304339.3249144
Wed Apr 28 2021 06:40:00 GMT-0500 (Central Daylight Time),387348322.5994911
Wed Apr 28 2021 06:41:00 GMT-0500 (Central Daylight Time),387384478.0709908
Wed Apr 28 2021 06:42:00 GMT-0500 (Central Daylight Time),387160866.93549323
Wed Apr 28 2021 06:43:00 GMT-0500 (Central Daylight Time),387212258.5222762
Wed Apr 28 2021 06:44:00 GMT-0500 (Central Daylight Time),387216040.3294154
Wed Apr 28 2021 06:45:00 GMT-0500 (Central Daylight Time),387211104.6841712
Wed Apr 28 2021 06:46:00 GMT-0500 (Central Daylight Time),387212358.16938204
Wed Apr 28 2021 06:47:00 GMT-0500 (Central Daylight Time),387229123.33745414
Wed Apr 28 2021 06:48:00 GMT-0500 (Central Daylight Time),387274525.26065385
Wed Apr 28 2021 06:49:00 GMT-0500 (Central Daylight Time),387317542.6152575
Wed Apr 28 2021 06:50:00 GMT-0500 (Central Daylight Time),387328495.8168405
Wed Apr 28 2021 06:51:00 GMT-0500 (Central Daylight Time),387305802.66472256
Wed Apr 28 2021 06:52:00 GMT-0500 (Central Daylight Time),387276030.8529463
Wed Apr 28 2021 06:53:00 GMT-0500 (Central Daylight Time),387234920.34069264
Wed Apr 28 2021 06:54:00 GMT-0500 (Central Daylight Time),387305164.22434664
Wed Apr 28 2021 06:55:00 GMT-0500 (Central Daylight Time),387353093.9526154
Wed Apr 28 2021 06:56:00 GMT-0500 (Central Daylight Time),387336528.9371083
Wed Apr 28 2021 06:57:00 GMT-0500 (Central Daylight Time),387381343.2713425
Wed Apr 28 2021 06:58:00 GMT-0500 (Central Daylight Time),387400922.9549927
Wed Apr 28 2021 06:59:00 GMT-0500 (Central Daylight Time),387424983.7396022
Wed Apr 28 2021 07:00:00 GMT-0500 (Central Daylight Time),387400210.41684914
Wed Apr 28 2021 07:01:00 GMT-0500 (Central Daylight Time),387333071.9623511
Wed Apr 28 2021 07:02:00 GMT-0500 (Central Daylight Time),387311511.9533695
Wed Apr 28 2021 07:03:00 GMT-0500 (Central Daylight Time),387233989.96868163
Wed Apr 28 2021 07:04:00 GMT-0500 (Central Daylight Time),387328255.3918339
Wed Apr 28 2021 07:05:00 GMT-0500 (Central Daylight Time),387373826.69501615
Wed Apr 28 2021 07:06:00 GMT-0500 (Central Daylight Time),387324082.7088975
Wed Apr 28 2021 07:07:00 GMT-0500 (Central Daylight Time),387307517.1388365
Wed Apr 28 2021 07:08:00 GMT-0500 (Central Daylight Time),387319470.71154624
Wed Apr 28 2021 07:09:00 GMT-0500 (Central Daylight Time),387362390.409844
Wed Apr 28 2021 07:10:00 GMT-0500 (Central Daylight Time),387358146.7129132
Wed Apr 28 2021 07:11:00 GMT-0500 (Central Daylight Time),387330419.599778
Wed Apr 28 2021 07:12:00 GMT-0500 (Central Daylight Time),387304492.7758709
Wed Apr 28 2021 07:13:00 GMT-0500 (Central Daylight Time),387302079.708343
Wed Apr 28 2021 07:14:00 GMT-0500 (Central Daylight Time),387303172.957572
Wed Apr 28 2021 07:15:00 GMT-0500 (Central Daylight Time),387304966.7334126
Wed Apr 28 2021 07:16:00 GMT-0500 (Central Daylight Time),387305477.2092931
Wed Apr 28 2021 07:17:00 GMT-0500 (Central Daylight Time),387299028.81137973
Wed Apr 28 2021 07:18:00 GMT-0500 (Central Daylight Time),387270640.3507142
Wed Apr 28 2021 07:19:00 GMT-0500 (Central Daylight Time),387234390.2811838
Wed Apr 28 2021 07:20:00 GMT-0500 (Central Daylight Time),387167965.87682414
Wed Apr 28 2021 07:21:00 GMT-0500 (Central Daylight Time),387138712.3027034
Wed Apr 28 2021 07:22:00 GMT-0500 (Central Daylight Time),387130998.6396845
Wed Apr 28 2021 07:23:00 GMT-0500 (Central Daylight Time),386889715.8394069
Wed Apr 28 2021 07:24:00 GMT-0500 (Central Daylight Time),386867686.0889425
Wed Apr 28 2021 07:25:00 GMT-0500 (Central Daylight Time),386839214.3028105
Wed Apr 28 2021 07:26:00 GMT-0500 (Central Daylight Time),386967984.8978446
Wed Apr 28 2021 07:27:00 GMT-0500 (Central Daylight Time),386992003.49609613
Wed Apr 28 2021 07:28:00 GMT-0500 (Central Daylight Time),387127832.80867594
Wed Apr 28 2021 07:29:00 GMT-0500 (Central Daylight Time),387147686.7402638
Wed Apr 28 2021 07:30:00 GMT-0500 (Central Daylight Time),387164684.2518929
Wed Apr 28 2021 07:31:00 GMT-0500 (Central Daylight Time),387268617.5621159
Wed Apr 28 2021 07:32:00 GMT-0500 (Central Daylight Time),387281023.3548059
Wed Apr 28 2021 07:33:00 GMT-0500 (Central Daylight Time),387306314.58024657
Wed Apr 28 2021 07:34:00 GMT-0500 (Central Daylight Time),387307376.15448916
Wed Apr 28 2021 07:35:00 GMT-0500 (Central Daylight Time),387303629.4313243
Wed Apr 28 2021 07:36:00 GMT-0500 (Central Daylight Time),387301194.3346426
Wed Apr 28 2021 07:37:00 GMT-0500 (Central Daylight Time),387296531.5496814
Wed Apr 28 2021 07:38:00 GMT-0500 (Central Daylight Time),387300666.12230873
Wed Apr 28 2021 07:39:00 GMT-0500 (Central Daylight Time),387380275.46596223
Wed Apr 28 2021 07:40:00 GMT-0500 (Central Daylight Time),387318504.2458601
Wed Apr 28 2021 07:41:00 GMT-0500 (Central Daylight Time),387233274.6482913
Wed Apr 28 2021 07:42:00 GMT-0500 (Central Daylight Time),387281800.56882244
Wed Apr 28 2021 07:43:00 GMT-0500 (Central Daylight Time),387107611.5284788
Wed Apr 28 2021 07:44:00 GMT-0500 (Central Daylight Time),387142502.4901649
Wed Apr 28 2021 07:45:00 GMT-0500 (Central Daylight Time),387057985.0459598
Wed Apr 28 2021 07:46:00 GMT-0500 (Central Daylight Time),387052257.33575565
Wed Apr 28 2021 07:47:00 GMT-0500 (Central Daylight Time),387051782.10933596
Wed Apr 28 2021 07:48:00 GMT-0500 (Central Daylight Time),386834242.8353657
Wed Apr 28 2021 07:49:00 GMT-0500 (Central Daylight Time),386880090.822817
Wed Apr 28 2021 07:50:00 GMT-0500 (Central Daylight Time),386883086.9763607
Wed Apr 28 2021 07:51:00 GMT-0500 (Central Daylight Time),386877589.2511945
Wed Apr 28 2021 07:52:00 GMT-0500 (Central Daylight Time),386911171.9318707
Wed Apr 28 2021 07:53:00 GMT-0500 (Central Daylight Time),386857992.81517255
Wed Apr 28 2021 07:54:00 GMT-0500 (Central Daylight Time),386452685.45417136
Wed Apr 28 2021 07:55:00 GMT-0500 (Central Daylight Time),386982279.31881195
Wed Apr 28 2021 07:56:00 GMT-0500 (Central Daylight Time),387199783.2418063
Wed Apr 28 2021 07:57:00 GMT-0500 (Central Daylight Time),387213969.1353036
Wed Apr 28 2021 07:58:00 GMT-0500 (Central Daylight Time),387162534.13309175
Wed Apr 28 2021 07:59:00 GMT-0500 (Central Daylight Time),386953497.91179734
Wed Apr 28 2021 08:00:00 GMT-0500 (Central Daylight Time),386919824.16061157
Wed Apr 28 2021 08:01:00 GMT-0500 (Central Daylight Time),386975710.6624282
Wed Apr 28 2021 08:02:00 GMT-0500 (Central Daylight Time),387041578.6825776
Wed Apr 28 2021 08:03:00 GMT-0500 (Central Daylight Time),387161046.68707776
Wed Apr 28 2021 08:04:00 GMT-0500 (Central Daylight Time),387102666.9742931
Wed Apr 28 2021 08:05:00 GMT-0500 (Central Daylight Time),386879740.9825915
Wed Apr 28 2021 08:06:00 GMT-0500 (Central Daylight Time),386805312.10345566
Wed Apr 28 2021 08:07:00 GMT-0500 (Central Daylight Time),386829780.66153723
Wed Apr 28 2021 08:08:00 GMT-0500 (Central Daylight Time),386756779.8985983
Wed Apr 28 2021 08:09:00 GMT-0500 (Central Daylight Time),386749110.07658243
Wed Apr 28 2021 08:10:00 GMT-0500 (Central Daylight Time),386725397.3142809
Wed Apr 28 2021 08:11:00 GMT-0500 (Central Daylight Time),386768569.1931847
Wed Apr 28 2021 08:12:00 GMT-0500 (Central Daylight Time),386745606.010787
Wed Apr 28 2021 08:13:00 GMT-0500 (Central Daylight Time),386748352.931327
Wed Apr 28 2021 08:14:00 GMT-0500 (Central Daylight Time),386628797.03846717
Wed Apr 28 2021 08:15:00 GMT-0500 (Central Daylight Time),386755746.14398867
Wed Apr 28 2021 08:16:00 GMT-0500 (Central Daylight Time),386833734.12536556
Wed Apr 28 2021 08:17:00 GMT-0500 (Central Daylight Time),386986460.0239322
Wed Apr 28 2021 08:18:00 GMT-0500 (Central Daylight Time),387014523.53297985
Wed Apr 28 2021 08:19:00 GMT-0500 (Central Daylight Time),387103468.1333609
Wed Apr 28 2021 08:20:00 GMT-0500 (Central Daylight Time),387098394.0526643
Wed Apr 28 2021 08:21:00 GMT-0500 (Central Daylight Time),387103251.8492901
Wed Apr 28 2021 08:22:00 GMT-0500 (Central Daylight Time),387092089.2377098
Wed Apr 28 2021 08:23:00 GMT-0500 (Central Daylight Time),387089473.2385708
Wed Apr 28 2021 08:24:00 GMT-0500 (Central Daylight Time),387103007.0108402
Wed Apr 28 2021 08:25:00 GMT-0500 (Central Daylight Time),387097887.64824116
Wed Apr 28 2021 08:26:00 GMT-0500 (Central Daylight Time),387036625.4018858
Wed Apr 28 2021 08:27:00 GMT-0500 (Central Daylight Time),386987035.4915066
Wed Apr 28 2021 08:28:00 GMT-0500 (Central Daylight Time),386860619.17128754
Wed Apr 28 2021 08:29:00 GMT-0500 (Central Daylight Time),386747501.7508467
Wed Apr 28 2021 08:30:00 GMT-0500 (Central Daylight Time),386744180.7130869
Wed Apr 28 2021 08:31:00 GMT-0500 (Central Daylight Time),386673070.9643936
Wed Apr 28 2021 08:32:00 GMT-0500 (Central Daylight Time),386472365.1410044
Wed Apr 28 2021 08:33:00 GMT-0500 (Central Daylight Time),386573460.6303799
Wed Apr 28 2021 08:34:00 GMT-0500 (Central Daylight Time),386844480.8207959
Wed Apr 28 2021 08:35:00 GMT-0500 (Central Daylight Time),387046240.20651853
Wed Apr 28 2021 08:36:00 GMT-0500 (Central Daylight Time),387167202.2167381
Wed Apr 28 2021 08:37:00 GMT-0500 (Central Daylight Time),387221228.09452146
Wed Apr 28 2021 08:38:00 GMT-0500 (Central Daylight Time),387259041.63172376
Wed Apr 28 2021 08:39:00 GMT-0500 (Central Daylight Time),387313829.0699901
Wed Apr 28 2021 08:40:00 GMT-0500 (Central Daylight Time),387313378.99651116
Wed Apr 28 2021 08:41:00 GMT-0500 (Central Daylight Time),387357602.5915721
Wed Apr 28 2021 08:42:00 GMT-0500 (Central Daylight Time),387351815.2826283
Wed Apr 28 2021 08:43:00 GMT-0500 (Central Daylight Time),387348809.63996047
Wed Apr 28 2021 08:44:00 GMT-0500 (Central Daylight Time),387379013.71727324
Wed Apr 28 2021 08:45:00 GMT-0500 (Central Daylight Time),387354119.79434216
Wed Apr 28 2021 08:46:00 GMT-0500 (Central Daylight Time),387314384.651731
Wed Apr 28 2021 08:47:00 GMT-0500 (Central Daylight Time),387253906.76344895
Wed Apr 28 2021 08:48:00 GMT-0500 (Central Daylight Time),387235228.7624565
Wed Apr 28 2021 08:49:00 GMT-0500 (Central Daylight Time),387286309.42131764
Wed Apr 28 2021 08:50:00 GMT-0500 (Central Daylight Time),387376674.7351057
Wed Apr 28 2021 08:51:00 GMT-0500 (Central Daylight Time),400723774.66937155
Wed Apr 28 2021 08:52:00 GMT-0500 (Central Daylight Time),400334035.94198585
Wed Apr 28 2021 08:53:00 GMT-0500 (Central Daylight Time),399990696.75569683
Wed Apr 28 2021 08:54:00 GMT-0500 (Central Daylight Time),400741649.2184739
Wed Apr 28 2021 08:55:00 GMT-0500 (Central Daylight Time),400209373.4372051
Wed Apr 28 2021 08:56:00 GMT-0500 (Central Daylight Time),400407663.25216705
Wed Apr 28 2021 08:57:00 GMT-0500 (Central Daylight Time),400054879.9358715
Wed Apr 28 2021 08:58:00 GMT-0500 (Central Daylight Time),399997570.62410855
Wed Apr 28 2021 08:59:00 GMT-0500 (Central Daylight Time),399605165.14962876
Wed Apr 28 2021 09:00:00 GMT-0500 (Central Daylight Time),399776695.3825858
Wed Apr 28 2021 09:01:00 GMT-0500 (Central Daylight Time),399495382.4824851
Wed Apr 28 2021 09:02:00 GMT-0500 (Central Daylight Time),399518082.68399006
Wed Apr 28 2021 09:03:00 GMT-0500 (Central Daylight Time),399432112.8610327
Wed Apr 28 2021 09:04:00 GMT-0500 (Central Daylight Time),399071651.4650647
Wed Apr 28 2021 09:05:00 GMT-0500 (Central Daylight Time),399184069.4795765
Wed Apr 28 2021 09:06:00 GMT-0500 (Central Daylight Time),399863269.6207523
Wed Apr 28 2021 09:07:00 GMT-0500 (Central Daylight Time),399754131.63012815
Wed Apr 28 2021 09:08:00 GMT-0500 (Central Daylight Time),399764263.2062529
Wed Apr 28 2021 09:09:00 GMT-0500 (Central Daylight Time),400040176.79314965
Wed Apr 28 2021 09:10:00 GMT-0500 (Central Daylight Time),399685972.7409958
Wed Apr 28 2021 09:11:00 GMT-0500 (Central Daylight Time),399858991.81827724
Wed Apr 28 2021 09:12:00 GMT-0500 (Central Daylight Time),400067728.4768114
Wed Apr 28 2021 09:13:00 GMT-0500 (Central Daylight Time),399834823.9537422
Wed Apr 28 2021 09:14:00 GMT-0500 (Central Daylight Time),399902724.2368906
Wed Apr 28 2021 09:15:00 GMT-0500 (Central Daylight Time),399791578.51809955
Wed Apr 28 2021 09:16:00 GMT-0500 (Central Daylight Time),391180950.855193
Wed Apr 28 2021 09:17:00 GMT-0500 (Central Daylight Time),387383025.0893347
Wed Apr 28 2021 09:18:00 GMT-0500 (Central Daylight Time),387359600.22475296
Wed Apr 28 2021 09:19:00 GMT-0500 (Central Daylight Time),387337052.23349434
Wed Apr 28 2021 09:20:00 GMT-0500 (Central Daylight Time),387198946.4653392
Wed Apr 28 2021 09:21:00 GMT-0500 (Central Daylight Time),387191207.73514384
Wed Apr 28 2021 09:22:00 GMT-0500 (Central Daylight Time),387240346.62197316
Wed Apr 28 2021 09:23:00 GMT-0500 (Central Daylight Time),387200433.5573742
Wed Apr 28 2021 09:24:00 GMT-0500 (Central Daylight Time),387255347.626756
Wed Apr 28 2021 09:25:00 GMT-0500 (Central Daylight Time),387193852.1598775
Wed Apr 28 2021 09:26:00 GMT-0500 (Central Daylight Time),387195232.8558412
Wed Apr 28 2021 09:27:00 GMT-0500 (Central Daylight Time),387193227.1344256
Wed Apr 28 2021 09:28:00 GMT-0500 (Central Daylight Time),387190746.1647063
Wed Apr 28 2021 09:29:00 GMT-0500 (Central Daylight Time),387211383.60341513
Wed Apr 28 2021 09:30:00 GMT-0500 (Central Daylight Time),387181417.97179765
Wed Apr 28 2021 09:31:00 GMT-0500 (Central Daylight Time),387197652.70481354
Wed Apr 28 2021 09:32:00 GMT-0500 (Central Daylight Time),387269233.20846194
Wed Apr 28 2021 09:33:00 GMT-0500 (Central Daylight Time),387291350.4772037
Wed Apr 28 2021 09:34:00 GMT-0500 (Central Daylight Time),387317383.51155525
Wed Apr 28 2021 09:35:00 GMT-0500 (Central Daylight Time),387309470.84849507
Wed Apr 28 2021 09:36:00 GMT-0500 (Central Daylight Time),387269869.9529811
Wed Apr 28 2021 09:37:00 GMT-0500 (Central Daylight Time),387223755.35401094
Wed Apr 28 2021 09:38:00 GMT-0500 (Central Daylight Time),387258826.36426973
Wed Apr 28 2021 09:39:00 GMT-0500 (Central Daylight Time),387253620.94033504
Wed Apr 28 2021 09:40:00 GMT-0500 (Central Daylight Time),387287530.29971737
Wed Apr 28 2021 09:41:00 GMT-0500 (Central Daylight Time),387309961.20381534
Wed Apr 28 2021 09:42:00 GMT-0500 (Central Daylight Time),387301576.2712092
Wed Apr 28 2021 09:43:00 GMT-0500 (Central Daylight Time),387303942.51557845
Wed Apr 28 2021 09:44:00 GMT-0500 (Central Daylight Time),387320661.0261452
Wed Apr 28 2021 09:45:00 GMT-0500 (Central Daylight Time),387302247.8929769
Wed Apr 28 2021 09:46:00 GMT-0500 (Central Daylight Time),387339229.03020746
Wed Apr 28 2021 09:47:00 GMT-0500 (Central Daylight Time),387393322.7426505
Wed Apr 28 2021 09:48:00 GMT-0500 (Central Daylight Time),387395567.4359786
Wed Apr 28 2021 09:49:00 GMT-0500 (Central Daylight Time),387383454.9946031
Wed Apr 28 2021 09:50:00 GMT-0500 (Central Daylight Time),387348449.1760987
Wed Apr 28 2021 09:51:00 GMT-0500 (Central Daylight Time),387311314.6437764
Wed Apr 28 2021 09:52:00 GMT-0500 (Central Daylight Time),387313067.5823407
Wed Apr 28 2021 09:53:00 GMT-0500 (Central Daylight Time),387352062.566847
Wed Apr 28 2021 09:54:00 GMT-0500 (Central Daylight Time),387369815.0897415
Wed Apr 28 2021 09:55:00 GMT-0500 (Central Daylight Time),387343383.42239684
Wed Apr 28 2021 09:56:00 GMT-0500 (Central Daylight Time),387327467.98483586
Wed Apr 28 2021 09:57:00 GMT-0500 (Central Daylight Time),387361773.9792562
Wed Apr 28 2021 09:58:00 GMT-0500 (Central Daylight Time),387323559.3129125
Wed Apr 28 2021 09:59:00 GMT-0500 (Central Daylight Time),387366874.8544836
Wed Apr 28 2021 10:00:00 GMT-0500 (Central Daylight Time),387413623.6801271
Wed Apr 28 2021 10:01:00 GMT-0500 (Central Daylight Time),387392730.14256245
Wed Apr 28 2021 10:02:00 GMT-0500 (Central Daylight Time),387427893.46821916
Wed Apr 28 2021 10:03:00 GMT-0500 (Central Daylight Time),387457773.73094684
Wed Apr 28 2021 10:04:00 GMT-0500 (Central Daylight Time),387484292.3107908
Wed Apr 28 2021 10:05:00 GMT-0500 (Central Daylight Time),387490945.7291277
Wed Apr 28 2021 10:06:00 GMT-0500 (Central Daylight Time),387502829.2938556
Wed Apr 28 2021 10:07:00 GMT-0500 (Central Daylight Time),387503785.7600943
Wed Apr 28 2021 10:08:00 GMT-0500 (Central Daylight Time),387510433.0240856
Wed Apr 28 2021 10:09:00 GMT-0500 (Central Daylight Time),387512182.1348631
Wed Apr 28 2021 10:10:00 GMT-0500 (Central Daylight Time),387524851.70492965
Wed Apr 28 2021 10:11:00 GMT-0500 (Central Daylight Time),387520911.5274316
Wed Apr 28 2021 10:12:00 GMT-0500 (Central Daylight Time),387518276.52588975
Wed Apr 28 2021 10:13:00 GMT-0500 (Central Daylight Time),387512400.8752147
Wed Apr 28 2021 10:14:00 GMT-0500 (Central Daylight Time),387509672.41136897
Wed Apr 28 2021 10:15:00 GMT-0500 (Central Daylight Time),387503064.0328585
Wed Apr 28 2021 10:16:00 GMT-0500 (Central Daylight Time),387487225.5189519
Wed Apr 28 2021 10:17:00 GMT-0500 (Central Daylight Time),387440658.1683301
Wed Apr 28 2021 10:18:00 GMT-0500 (Central Daylight Time),387434600.9290709
Wed Apr 28 2021 10:19:00 GMT-0500 (Central Daylight Time),387439366.71006185
Wed Apr 28 2021 10:20:00 GMT-0500 (Central Daylight Time),387426525.79682285
Wed Apr 28 2021 10:21:00 GMT-0500 (Central Daylight Time),387439347.1552953
Wed Apr 28 2021 10:22:00 GMT-0500 (Central Daylight Time),387454504.53173
Wed Apr 28 2021 10:23:00 GMT-0500 (Central Daylight Time),387410028.481404
Wed Apr 28 2021 10:24:00 GMT-0500 (Central Daylight Time),387365298.95612824
Wed Apr 28 2021 10:25:00 GMT-0500 (Central Daylight Time),387394848.96952915
Wed Apr 28 2021 10:26:00 GMT-0500 (Central Daylight Time),387376981.77635306
Wed Apr 28 2021 10:27:00 GMT-0500 (Central Daylight Time),387352440.3693709
Wed Apr 28 2021 10:28:00 GMT-0500 (Central Daylight Time),387380401.9507172
Wed Apr 28 2021 10:29:00 GMT-0500 (Central Daylight Time),387409630.0210117
Wed Apr 28 2021 10:30:00 GMT-0500 (Central Daylight Time),387421549.8602414
Wed Apr 28 2021 10:31:00 GMT-0500 (Central Daylight Time),387418380.0767859
Wed Apr 28 2021 10:32:00 GMT-0500 (Central Daylight Time),387429713.94439155
Wed Apr 28 2021 10:33:00 GMT-0500 (Central Daylight Time),387433902.57519567
Wed Apr 28 2021 10:34:00 GMT-0500 (Central Daylight Time),387415535.3136932
Wed Apr 28 2021 10:35:00 GMT-0500 (Central Daylight Time),387406994.29932374
Wed Apr 28 2021 10:36:00 GMT-0500 (Central Daylight Time),387405425.09154296
Wed Apr 28 2021 10:37:00 GMT-0500 (Central Daylight Time),387395595.2644817
Wed Apr 28 2021 10:38:00 GMT-0500 (Central Daylight Time),387409799.3362753
Wed Apr 28 2021 10:39:00 GMT-0500 (Central Daylight Time),387406726.0042443
Wed Apr 28 2021 10:40:00 GMT-0500 (Central Daylight Time),387405947.48068815
Wed Apr 28 2021 10:41:00 GMT-0500 (Central Daylight Time),387401919.7922249
Wed Apr 28 2021 10:42:00 GMT-0500 (Central Daylight Time),387396558.4449346
Wed Apr 28 2021 10:43:00 GMT-0500 (Central Daylight Time),387411074.21628195
Wed Apr 28 2021 10:44:00 GMT-0500 (Central Daylight Time),387422630.17524827
Wed Apr 28 2021 10:45:00 GMT-0500 (Central Daylight Time),387414788.8366708
Wed Apr 28 2021 10:46:00 GMT-0500 (Central Daylight Time),387423772.0078005
Wed Apr 28 2021 10:47:00 GMT-0500 (Central Daylight Time),387400791.73709863
Wed Apr 28 2021 10:48:00 GMT-0500 (Central Daylight Time),387387731.18362176
Wed Apr 28 2021 10:49:00 GMT-0500 (Central Daylight Time),387343369.7746565
Wed Apr 28 2021 10:50:00 GMT-0500 (Central Daylight Time),387341723.8039153
Wed Apr 28 2021 10:51:00 GMT-0500 (Central Daylight Time),387359362.8698999
Wed Apr 28 2021 10:52:00 GMT-0500 (Central Daylight Time),387307509.3595632
Wed Apr 28 2021 10:53:00 GMT-0500 (Central Daylight Time),387240570.41360766
Wed Apr 28 2021 10:54:00 GMT-0500 (Central Daylight Time),387230520.29297554
Wed Apr 28 2021 10:55:00 GMT-0500 (Central Daylight Time),387088440.7698293
Wed Apr 28 2021 10:56:00 GMT-0500 (Central Daylight Time),387110958.9774195
Wed Apr 28 2021 10:57:00 GMT-0500 (Central Daylight Time),387078773.29646134
Wed Apr 28 2021 10:58:00 GMT-0500 (Central Daylight Time),387151696.7084867
Wed Apr 28 2021 10:59:00 GMT-0500 (Central Daylight Time),387125031.54828525
Wed Apr 28 2021 11:00:00 GMT-0500 (Central Daylight Time),387097634.5267549
Wed Apr 28 2021 11:01:00 GMT-0500 (Central Daylight Time),387087192.04346675
Wed Apr 28 2021 11:02:00 GMT-0500 (Central Daylight Time),387076705.203715
Wed Apr 28 2021 11:03:00 GMT-0500 (Central Daylight Time),387149573.91524214
Wed Apr 28 2021 11:04:00 GMT-0500 (Central Daylight Time),387081258.8866744
Wed Apr 28 2021 11:05:00 GMT-0500 (Central Daylight Time),386872952.717939
Wed Apr 28 2021 11:06:00 GMT-0500 (Central Daylight Time),386748747.0664035
Wed Apr 28 2021 11:07:00 GMT-0500 (Central Daylight Time),386729744.7062764
Wed Apr 28 2021 11:08:00 GMT-0500 (Central Daylight Time),386703138.12906796
Wed Apr 28 2021 11:09:00 GMT-0500 (Central Daylight Time),385661957.15192574
Wed Apr 28 2021 11:10:00 GMT-0500 (Central Daylight Time),386111502.4030258
Wed Apr 28 2021 11:11:00 GMT-0500 (Central Daylight Time),386152820.4809413
Wed Apr 28 2021 11:12:00 GMT-0500 (Central Daylight Time),386448824.18216
Wed Apr 28 2021 11:13:00 GMT-0500 (Central Daylight Time),385729904.69898045
Wed Apr 28 2021 11:14:00 GMT-0500 (Central Daylight Time),385636955.7810412
Wed Apr 28 2021 11:15:00 GMT-0500 (Central Daylight Time),383703480.3965989
Wed Apr 28 2021 11:16:00 GMT-0500 (Central Daylight Time),385198365.665749
Wed Apr 28 2021 11:17:00 GMT-0500 (Central Daylight Time),385442356.52826196
Wed Apr 28 2021 11:18:00 GMT-0500 (Central Daylight Time),386592519.61801404
Wed Apr 28 2021 11:19:00 GMT-0500 (Central Daylight Time),386726004.24636567
Wed Apr 28 2021 11:20:00 GMT-0500 (Central Daylight Time),386497563.4608641
Wed Apr 28 2021 11:21:00 GMT-0500 (Central Daylight Time),386549371.0567037
Wed Apr 28 2021 11:22:00 GMT-0500 (Central Daylight Time),386683753.6725428
Wed Apr 28 2021 11:23:00 GMT-0500 (Central Daylight Time),386524737.6875053
Wed Apr 28 2021 11:24:00 GMT-0500 (Central Daylight Time),386635268.59250104
Wed Apr 28 2021 11:25:00 GMT-0500 (Central Daylight Time),386652088.20086277
Wed Apr 28 2021 11:26:00 GMT-0500 (Central Daylight Time),386297764.51139724
Wed Apr 28 2021 11:27:00 GMT-0500 (Central Daylight Time),386191890.76892376
Wed Apr 28 2021 11:28:00 GMT-0500 (Central Daylight Time),386218230.9118869
Wed Apr 28 2021 11:30:00 GMT-0500 (Central Daylight Time),386156581.8424587
Wed Apr 28 2021 11:31:00 GMT-0500 (Central Daylight Time),386504784.7233911
Wed Apr 28 2021 11:32:00 GMT-0500 (Central Daylight Time),386606430.7328335
Wed Apr 28 2021 11:33:00 GMT-0500 (Central Daylight Time),386272698.1558078
Wed Apr 28 2021 11:34:00 GMT-0500 (Central Daylight Time),386675354.1524731
Wed Apr 28 2021 11:35:00 GMT-0500 (Central Daylight Time),386794521.5536548
Wed Apr 28 2021 11:36:00 GMT-0500 (Central Daylight Time),386849188.976434
Wed Apr 28 2021 11:37:00 GMT-0500 (Central Daylight Time),386868535.36960477
Wed Apr 28 2021 11:38:00 GMT-0500 (Central Daylight Time),386853633.6118024
Wed Apr 28 2021 11:39:00 GMT-0500 (Central Daylight Time),386727034.1405219
Wed Apr 28 2021 11:40:00 GMT-0500 (Central Daylight Time),387549715.6406853
Wed Apr 28 2021 11:41:00 GMT-0500 (Central Daylight Time),400496379.507863
Wed Apr 28 2021 11:42:00 GMT-0500 (Central Daylight Time),400843273.31184286
Wed Apr 28 2021 11:43:00 GMT-0500 (Central Daylight Time),400764659.26256275
Wed Apr 28 2021 11:44:00 GMT-0500 (Central Daylight Time),400799287.75524074
Wed Apr 28 2021 11:45:00 GMT-0500 (Central Daylight Time),400685858.9043746
Wed Apr 28 2021 11:46:00 GMT-0500 (Central Daylight Time),387641651.70917904
Wed Apr 28 2021 11:47:00 GMT-0500 (Central Daylight Time),386763058.4408482
Wed Apr 28 2021 11:48:00 GMT-0500 (Central Daylight Time),386907169.0907763
Wed Apr 28 2021 11:49:00 GMT-0500 (Central Daylight Time),386967250.1451935
Wed Apr 28 2021 11:50:00 GMT-0500 (Central Daylight Time),386842563.1608094
Wed Apr 28 2021 11:51:00 GMT-0500 (Central Daylight Time),386805961.64238834
Wed Apr 28 2021 11:52:00 GMT-0500 (Central Daylight Time),386715005.6814647
Wed Apr 28 2021 11:53:00 GMT-0500 (Central Daylight Time),386673994.8825403
Wed Apr 28 2021 11:54:00 GMT-0500 (Central Daylight Time),386859568.3447778
Wed Apr 28 2021 11:55:00 GMT-0500 (Central Daylight Time),387048176.05569965
Wed Apr 28 2021 11:56:00 GMT-0500 (Central Daylight Time),387078514.99952424
Wed Apr 28 2021 11:57:00 GMT-0500 (Central Daylight Time),387131612.98487014
Wed Apr 28 2021 11:58:00 GMT-0500 (Central Daylight Time),387153680.58999705
Wed Apr 28 2021 11:59:00 GMT-0500 (Central Daylight Time),387148147.31573594
Wed Apr 28 2021 12:00:00 GMT-0500 (Central Daylight Time),387167281.5339793
Wed Apr 28 2021 12:01:00 GMT-0500 (Central Daylight Time),387246909.6444311
Wed Apr 28 2021 12:02:00 GMT-0500 (Central Daylight Time),387270952.4457945
Wed Apr 28 2021 12:03:00 GMT-0500 (Central Daylight Time),387276469.2574562
Wed Apr 28 2021 12:04:00 GMT-0500 (Central Daylight Time),387227388.75810945
Wed Apr 28 2021 12:05:00 GMT-0500 (Central Daylight Time),387249195.8699912
Wed Apr 28 2021 12:06:00 GMT-0500 (Central Daylight Time),387214705.9976199
Wed Apr 28 2021 12:07:00 GMT-0500 (Central Daylight Time),387216754.8186181
Wed Apr 28 2021 12:08:00 GMT-0500 (Central Daylight Time),387233522.37207633
Wed Apr 28 2021 12:09:00 GMT-0500 (Central Daylight Time),387263711.7792274
Wed Apr 28 2021 12:10:00 GMT-0500 (Central Daylight Time),387259139.4571205
Wed Apr 28 2021 12:11:00 GMT-0500 (Central Daylight Time),387261302.351139
Wed Apr 28 2021 12:12:00 GMT-0500 (Central Daylight Time),387259657.95588136
Wed Apr 28 2021 12:13:00 GMT-0500 (Central Daylight Time),387266216.79979855
Wed Apr 28 2021 12:14:00 GMT-0500 (Central Daylight Time),387264008.70474845
Wed Apr 28 2021 12:15:00 GMT-0500 (Central Daylight Time),387268182.3702302
Wed Apr 28 2021 12:16:00 GMT-0500 (Central Daylight Time),387272840.19404376
Wed Apr 28 2021 12:17:00 GMT-0500 (Central Daylight Time),387261458.7623169
Wed Apr 28 2021 12:18:00 GMT-0500 (Central Daylight Time),387262324.5304774
Wed Apr 28 2021 12:19:00 GMT-0500 (Central Daylight Time),387262387.6746297
Wed Apr 28 2021 12:20:00 GMT-0500 (Central Daylight Time),387266723.9865015
Wed Apr 28 2021 12:21:00 GMT-0500 (Central Daylight Time),387263563.288533
Wed Apr 28 2021 12:22:00 GMT-0500 (Central Daylight Time),387264436.5339406
Wed Apr 28 2021 12:23:00 GMT-0500 (Central Daylight Time),387230135.34807736
Wed Apr 28 2021 12:24:00 GMT-0500 (Central Daylight Time),387219616.08488125
Wed Apr 28 2021 12:25:00 GMT-0500 (Central Daylight Time),387262951.83240616
Wed Apr 28 2021 12:26:00 GMT-0500 (Central Daylight Time),387280329.1304201
Wed Apr 28 2021 12:27:00 GMT-0500 (Central Daylight Time),387271037.6196385
Wed Apr 28 2021 12:28:00 GMT-0500 (Central Daylight Time),387271249.6473872
Wed Apr 28 2021 12:29:00 GMT-0500 (Central Daylight Time),387265776.0499538
Wed Apr 28 2021 12:30:00 GMT-0500 (Central Daylight Time),387214291.57660556
Wed Apr 28 2021 12:31:00 GMT-0500 (Central Daylight Time),387287524.1071527
Wed Apr 28 2021 12:32:00 GMT-0500 (Central Daylight Time),387306220.4537163
Wed Apr 28 2021 12:33:00 GMT-0500 (Central Daylight Time),387238879.12501276
Wed Apr 28 2021 12:34:00 GMT-0500 (Central Daylight Time),387342509.5434071
Wed Apr 28 2021 12:35:00 GMT-0500 (Central Daylight Time),387355844.65427923
Wed Apr 28 2021 12:36:00 GMT-0500 (Central Daylight Time),387354215.20735013
Wed Apr 28 2021 12:37:00 GMT-0500 (Central Daylight Time),387393790.05043083